00:00 +0: loading packages/poltergeist_core/test/vault_plumbing_test.dart
00:00 +0: packages/poltergeist_core/test/vault_plumbing_test.dart: every vault/keystore barrel symbol resolves at this pin
00:00 +1: packages/poltergeist_core/test/vault_plumbing_test.dart: seals, opens, and deletes secrets through the barrel
00:01 +2: packages/poltergeist_core/test/fs/local_file_system_test.dart: canonicalize resolves an existing path through symlinks
00:01 +3: packages/poltergeist_core/test/fs/local_file_system_test.dart: canonicalize never throws for a missing path — normalized absolute form
00:01 +4: packages/poltergeist_core/test/fs/local_file_system_test.dart: canonicalize expands ~ through the injected home
00:01 +5: packages/poltergeist_core/test/fs/local_file_system_test.dart: canonicalize anchors a relative path to the working directory
00:01 +6: packages/poltergeist_core/test/fs/local_file_system_test.dart: listDirectory reports files, directories, and dotfiles with metadata
00:01 +7: packages/poltergeist_core/test/fs/local_file_system_test.dart: listDirectory symlinks report as links with null metadata, targets not leaked
00:01 +8: packages/poltergeist_core/test/fs/local_file_system_test.dart: listDirectory an empty directory lists empty
00:01 +9: packages/poltergeist_core/test/fs/local_file_system_test.dart: listDirectory missing directory fails notFound with the funnel message shape
00:01 +10: packages/poltergeist_core/test/fs/local_file_system_test.dart: listDirectory a file path fails other ("Not a directory"), never a silent list
00:01 +11: packages/poltergeist_core/test/fs/local_file_system_test.dart: listDirectory an unreadable directory fails permissionDenied
00:01 +12: packages/poltergeist_core/test/fs/local_file_system_test.dart: listDirectory a path under an unreadable directory stats permissionDenied, not notFound
00:01 +13: packages/poltergeist_core/test/fs/local_file_system_test.dart: stat follows links by default (target identity)
00:01 +14: packages/poltergeist_core/test/fs/local_file_system_test.dart: stat followLinks: false reports the link itself with null metadata
00:01 +15: packages/poltergeist_core/test/fs/local_file_system_test.dart: stat missing path fails notFound in both modes
00:01 +16: packages/poltergeist_core/test/fs/local_file_system_test.dart: setMode changes permissions
00:01 +17: packages/poltergeist_core/test/fs/local_file_system_test.dart: setMode rejects out-of-range permissions with RangeError
00:01 +18: packages/poltergeist_core/test/fs/local_file_system_test.dart: setMode missing path is notFound on POSIX, unsupported on Windows
00:01 +19: packages/poltergeist_core/test/fs/local_file_system_test.dart: setMode refuses symlinks (unsupported) — the target keeps its mode
00:01 +20: packages/poltergeist_core/test/fs/local_file_system_test.dart: setMode maps a chmod EPERM stderr line to permissionDenied
00:01 +21: packages/poltergeist_core/test/fs/local_file_system_test.dart: setMode maps a chmod ENOENT stderr line to notFound
00:02 +22: packages/poltergeist_core/test/fs/local_file_system_test.dart: setMode an unmapped chmod stderr fails other with the line as detail
00:02 +23: packages/poltergeist_core/test/fs/local_file_system_test.dart: setMode classifies by the trailing stderr segment, never a substring match
00:02 +24: packages/poltergeist_core/test/fs/local_fs_safety_test.dart: validatePathComponent accepts a plain component and returns silently
00:02 +25: packages/poltergeist_core/test/fs/local_file_system_test.dart: setMode a path swapped to a symlink mid-write fails with the landing site
00:02 +26: packages/poltergeist_core/test/fs/local_file_system_test.dart: setMode a path swapped to a symlink mid-write fails with the landing site
00:02 +27: packages/poltergeist_core/test/fs/local_file_system_test.dart: setMode a path swapped to a symlink mid-write fails with the landing site
00:02 +28: packages/poltergeist_core/test/fs/local_file_system_test.dart: setMode a path swapped to a symlink mid-write fails with the landing site
00:02 +29: packages/poltergeist_core/test/fs/local_file_system_test.dart: setMode a path swapped to a symlink mid-write fails with the landing site
00:02 +30: packages/poltergeist_core/test/fs/local_fs_safety_test.dart: validatePathComponent rejects "a\b" (backslash separator — rejected everywhere by design)
00:02 +30: packages/poltergeist_core/test/fs/local_file_system_test.dart: Windows mode and owner writes fail unsupported without changing bytes
  Skip: Windows-only unsupported contract
00:02 +30 ~1: packages/poltergeist_core/test/fs/local_fs_safety_test.dart: validatePathComponent rejects "a\b" (backslash separator — rejected everywhere by design)
00:02 +31 ~1: packages/poltergeist_core/test/fs/local_file_system_test.dart: setTimes sets the modification time and preserves the access time
00:02 +32 ~1: packages/poltergeist_core/test/fs/local_file_system_test.dart: setTimes sets the modification time and preserves the access time
00:02 +33 ~1: packages/poltergeist_core/test/fs/local_file_system_test.dart: setTimes sets the modification time and preserves the access time
00:02 +34 ~1: packages/poltergeist_core/test/fs/local_file_system_test.dart: setTimes sets the modification time and preserves the access time
00:02 +35 ~1: packages/poltergeist_core/test/fs/local_fs_safety_test.dart: validateLocalName rejects a name over the file-name byte limit
00:02 +36 ~1: packages/poltergeist_core/test/fs/local_file_system_test.dart: setTimes sets the access time and preserves the modification time
00:02 +37 ~1: packages/poltergeist_core/test/fs/local_file_system_test.dart: setTimes sets the access time and preserves the modification time
00:02 +38 ~1: packages/poltergeist_core/test/fs/local_file_system_test.dart: setTimes sets the access time and preserves the modification time
00:02 +39 ~1: packages/poltergeist_core/test/dependency_contracts/regexp_contract_test.dart: inline case-insensitive flags throw at construction
00:02 +40 ~1: packages/poltergeist_core/test/dependency_contracts/regexp_contract_test.dart: inline case-insensitive flags throw at construction
00:02 +41 ~1: packages/poltergeist_core/test/dependency_contracts/regexp_contract_test.dart: inline case-insensitive flags throw at construction
00:02 +42 ~1: packages/poltergeist_core/test/dependency_contracts/regexp_contract_test.dart: inline case-insensitive flags throw at construction
00:02 +43 ~1: packages/poltergeist_core/test/dependency_contracts/regexp_contract_test.dart: inline case-insensitive flags throw at construction
00:02 +44 ~1: packages/poltergeist_core/test/dependency_contracts/regexp_contract_test.dart: inline case-insensitive flags throw at construction
00:02 +45 ~1: packages/poltergeist_core/test/dependency_contracts/regexp_contract_test.dart: inline case-insensitive flags throw at construction
00:02 +46 ~1: packages/poltergeist_core/test/fs/local_fs_safety_test.dart: validateLocalName rejects "CONIN$" (reserved console-input name)
00:02 +47 ~1: packages/poltergeist_core/test/fs/local_file_system_test.dart: setTimes requires at least one timestamp (ArgumentError)
00:02 +48 ~1: packages/poltergeist_core/test/fs/local_file_system_test.dart: setTimes requires at least one timestamp (ArgumentError)
00:02 +49 ~1: packages/poltergeist_core/test/fs/local_file_system_test.dart: setTimes requires at least one timestamp (ArgumentError)
00:02 +50 ~1: packages/poltergeist_core/test/fs/local_fs_safety_test.dart: validateLocalName rejects "com¹" (superscript COM alternate)
00:02 +51 ~1: packages/poltergeist_core/test/fs/local_file_system_test.dart: setTimes directories and FIFOs fail unsupported (dart:io cannot set them)
00:02 +52 ~1: packages/poltergeist_core/test/fs/local_file_system_test.dart: setTimes directories and FIFOs fail unsupported (dart:io cannot set them)
00:02 +53 ~1: packages/poltergeist_core/test/fs/local_file_system_test.dart: setTimes directories and FIFOs fail unsupported (dart:io cannot set them)
00:02 +54 ~1: packages/poltergeist_core/test/fs/local_file_system_test.dart: setTimes directories and FIFOs fail unsupported (dart:io cannot set them)
00:02 +55 ~1: packages/poltergeist_core/test/fs/local_file_system_test.dart: setTimes directories and FIFOs fail unsupported (dart:io cannot set them)
00:02 +56 ~1: packages/poltergeist_core/test/fs/local_file_system_test.dart: setTimes directories and FIFOs fail unsupported (dart:io cannot set them)
00:02 +57 ~1: packages/poltergeist_core/test/fs/local_file_system_test.dart: setTimes directories and FIFOs fail unsupported (dart:io cannot set them)
00:02 +58 ~1: packages/poltergeist_core/test/fs/local_fs_safety_test.dart: validateLocalName rejects "a*b" (glob character)
00:02 +59 ~1: packages/poltergeist_core/test/fs/local_file_system_test.dart: setTimes refuses symlinks — the target keeps its times
00:02 +60 ~1: packages/poltergeist_core/test/fs/local_file_system_test.dart: setTimes refuses symlinks — the target keeps its times
00:02 +61 ~1: packages/poltergeist_core/test/fs/local_file_system_test.dart: setTimes refuses symlinks — the target keeps its times
00:02 +62 ~1: packages/poltergeist_core/test/fs/local_file_system_test.dart: setTimes refuses symlinks — the target keeps its times
00:02 +63 ~1: packages/poltergeist_core/test/fs/local_file_system_test.dart: setTimes refuses symlinks — the target keeps its times
00:02 +64 ~1: packages/poltergeist_core/test/fs/local_file_system_test.dart: setTimes refuses symlinks — the target keeps its times
00:02 +65 ~1: packages/poltergeist_core/test/fs/local_fs_safety_test.dart: validateLocalName rejects the component hazards too
00:02 +66 ~1: packages/poltergeist_core/test/fs/local_fs_safety_test.dart: validateLocalName rejects the component hazards too
00:02 +67 ~1: packages/poltergeist_core/test/fs/local_file_system_test.dart: setOwner chown to the current owner succeeds and leaves the file intact
00:02 +68 ~1: packages/poltergeist_core/test/fs/local_file_system_test.dart: setOwner chown to the current owner succeeds and leaves the file intact
00:02 +69 ~1: packages/poltergeist_core/test/fs/local_file_system_test.dart: setOwner chown to the current owner succeeds and leaves the file intact
00:02 +70 ~1: packages/poltergeist_core/test/dependency_contracts/vault_contract_test.dart: Argon2id memory is KiB (RFC 9106 section 5.3)
00:02 +71 ~1: packages/poltergeist_core/test/dependency_contracts/vault_contract_test.dart: Argon2id memory is KiB (RFC 9106 section 5.3)
00:02 +72 ~1: packages/poltergeist_core/test/dependency_contracts/vault_contract_test.dart: Argon2id memory is KiB (RFC 9106 section 5.3)
00:02 +73 ~1: packages/poltergeist_core/test/dependency_contracts/vault_contract_test.dart: Argon2id memory is KiB (RFC 9106 section 5.3)
00:02 +74 ~1: packages/poltergeist_core/test/dependency_contracts/vault_contract_test.dart: Argon2id memory is KiB (RFC 9106 section 5.3)
00:02 +75 ~1: packages/poltergeist_core/test/dependency_contracts/vault_contract_test.dart: Argon2id memory is KiB (RFC 9106 section 5.3)
00:02 +76 ~1: packages/poltergeist_core/test/dependency_contracts/vault_contract_test.dart: Argon2id memory is KiB (RFC 9106 section 5.3)
00:02 +77 ~1: packages/poltergeist_core/test/dependency_contracts/vault_contract_test.dart: Argon2id memory is KiB (RFC 9106 section 5.3)
00:02 +78 ~1: packages/poltergeist_core/test/dependency_contracts/vault_contract_test.dart: Argon2id memory is KiB (RFC 9106 section 5.3)
00:02 +79 ~1: packages/poltergeist_core/test/fs/local_file_system_test.dart: setOwner maps a chown EPERM stderr line to permissionDenied
00:02 +80 ~1: packages/poltergeist_core/test/fs/local_file_system_test.dart: setOwner maps a chown EPERM stderr line to permissionDenied
00:02 +81 ~1: packages/poltergeist_core/test/dependency_contracts/vault_contract_test.dart: VaultCrypto key derivation (setUpAll)
00:02 +82 ~1: packages/poltergeist_core/test/dependency_contracts/vault_contract_test.dart: VaultCrypto key derivation (setUpAll)
00:02 +83 ~1: packages/poltergeist_core/test/dependency_contracts/vault_contract_test.dart: VaultCrypto key derivation (setUpAll)
00:02 +84 ~1: packages/poltergeist_core/test/dependency_contracts/vault_contract_test.dart: VaultCrypto key derivation (setUpAll)
00:02 +85 ~1: packages/poltergeist_core/test/dependency_contracts/vault_contract_test.dart: VaultCrypto key derivation (setUpAll)
00:02 +86 ~1: packages/poltergeist_core/test/dependency_contracts/vault_contract_test.dart: VaultCrypto key derivation (setUpAll)
00:02 +87 ~1: packages/poltergeist_core/test/dependency_contracts/vault_contract_test.dart: VaultCrypto key derivation (setUpAll)
00:02 +88 ~1: packages/poltergeist_core/test/dependency_contracts/vault_contract_test.dart: VaultCrypto key derivation (setUpAll)
00:02 +89 ~1: packages/poltergeist_core/test/dependency_contracts/vault_contract_test.dart: VaultCrypto key derivation (setUpAll)
00:02 +90 ~1: packages/poltergeist_core/test/dependency_contracts/vault_contract_test.dart: VaultCrypto key derivation (setUpAll)
00:02 +90 ~1: packages/poltergeist_core/test/connection/pool_reconnect_test.dart: closure (null) rebinds the same pane and resolves home
00:02 +91 ~1: packages/poltergeist_core/test/connection/pool_reconnect_test.dart: closure (null) rebinds the same pane and resolves home
00:02 +92 ~1: packages/poltergeist_core/test/connection/pool_reconnect_test.dart: closure (null) rebinds the same pane and resolves home
00:02 +93 ~1: packages/poltergeist_core/test/connection/pool_reconnect_test.dart: closure (null) rebinds the same pane and resolves home
00:02 +94 ~1: packages/poltergeist_core/test/connection/pool_reconnect_test.dart: closure (null) rebinds the same pane and resolves home
00:03 +95 ~1: packages/poltergeist_core/test/connection/pool_reconnect_test.dart: closure (null) rebinds the same pane and resolves home
00:03 +96 ~1: packages/poltergeist_core/test/connection/pool_reconnect_test.dart: closure (null) rebinds the same pane and resolves home
00:03 +97 ~1: packages/poltergeist_core/test/fs/local_fs_safety_test.dart: replaceLocalFile restores the original when the second rename fails
00:03 +98 ~1: packages/poltergeist_core/test/fs/local_file_system_test.dart: createDirectory creates a directory whose parent exists
00:03 +99 ~1: packages/poltergeist_core/test/dependency_contracts/vault_contract_test.dart: VaultCrypto seals nonce(24) || ciphertext || mac(16)
00:03 +100 ~1: packages/poltergeist_core/test/dependency_contracts/vault_contract_test.dart: VaultCrypto seals nonce(24) || ciphertext || mac(16)
00:03 +101 ~1: packages/poltergeist_core/test/dependency_contracts/vault_contract_test.dart: VaultCrypto seals nonce(24) || ciphertext || mac(16)
00:03 +102 ~1: packages/poltergeist_core/test/connection/pool_reconnect_test.dart: closure (Bad state: socket died) rebinds the same pane and resolves home
00:03 +103 ~1: packages/poltergeist_core/test/fs/local_fs_safety_test.dart: replaceLocalFile counts a lone surrogate as three backup-name bytes
00:03 +104 ~1: packages/poltergeist_core/test/fs/local_file_system_test.dart: createDirectory an existing file conflicts
00:03 +105 ~1: packages/poltergeist_core/test/connection/pool_reconnect_test.dart: backoff is clamped first and jittered downward at every retry
00:03 +106 ~1: packages/poltergeist_core/test/connection/pool_reconnect_test.dart: backoff is clamped first and jittered downward at every retry
00:03 +107 ~1: packages/poltergeist_core/test/fs/local_fs_safety_test.dart: replaceLocalFile rejects a Windows-hazardous target name on every platform
00:03 +108 ~1: packages/poltergeist_core/test/fs/local_fs_safety_test.dart: replaceLocalFile rejects a Windows-hazardous target name on every platform
00:03 +109 ~1: packages/poltergeist_core/test/fs/local_fs_safety_test.dart: replaceLocalFile rejects a Windows-hazardous target name on every platform
00:03 +110 ~1: packages/poltergeist_core/test/fs/local_fs_safety_test.dart: replaceLocalFile rejects a Windows-hazardous target name on every platform
00:03 +111 ~1: packages/poltergeist_core/test/fs/local_fs_safety_test.dart: replaceLocalFile rejects a Windows-hazardous target name on every platform
00:03 +112 ~1: packages/poltergeist_core/test/fs/local_fs_safety_test.dart: replaceLocalFile rejects a Windows-hazardous target name on every platform
00:03 +113 ~1: packages/poltergeist_core/test/fs/local_fs_safety_test.dart: replaceLocalFile rejects a Windows-hazardous target name on every platform
00:03 +114 ~1: packages/poltergeist_core/test/fs/local_fs_safety_test.dart: replaceLocalFile rejects a Windows-hazardous target name on every platform
00:03 +115 ~1: packages/poltergeist_core/test/fs/local_fs_safety_test.dart: replaceLocalFile rejects a Windows-hazardous target name on every platform
00:03 +116 ~1: packages/poltergeist_core/test/fs/local_fs_safety_test.dart: replaceLocalFile rejects a Windows-hazardous target name on every platform
00:03 +117 ~1: packages/poltergeist_core/test/fs/local_fs_safety_test.dart: replaceLocalFile rejects a Windows-hazardous target name on every platform
00:03 +118 ~1: packages/poltergeist_core/test/fs/local_fs_safety_test.dart: replaceLocalFile rejects a Windows-hazardous target name on every platform
00:03 +119 ~1: packages/poltergeist_core/test/fs/local_fs_safety_test.dart: replaceLocalFile rejects a Windows-hazardous target name on every platform
00:03 +120 ~1: packages/poltergeist_core/test/fs/local_fs_safety_test.dart: replaceLocalFile rejects a Windows-hazardous target name on every platform
00:03 +121 ~1: packages/poltergeist_core/test/fs/local_fs_safety_test.dart: replaceLocalFile rejects a Windows-hazardous target name on every platform
00:03 +122 ~1: packages/poltergeist_core/test/fs/local_fs_safety_test.dart: replaceLocalFile rejects a Windows-hazardous target name on every platform
00:03 +123 ~1: packages/poltergeist_core/test/fs/local_fs_safety_test.dart: replaceLocalFile rejects a Windows-hazardous target name on every platform
00:03 +124 ~1: packages/poltergeist_core/test/fs/local_file_system_test.dart: rename overwrite replaces the destination
00:03 +125 ~1: packages/poltergeist_core/test/fs/local_file_system_test.dart: rename overwrite replaces the destination
00:03 +126 ~1: packages/poltergeist_core/test/fs/local_file_system_test.dart: rename overwrite replaces the destination
00:03 +127 ~1: packages/poltergeist_core/test/connection/pool_idle_test.dart: queued lease receives the returned channel before idle cleanup
00:03 +128 ~1: packages/poltergeist_core/test/connection/pool_idle_test.dart: queued lease receives the returned channel before idle cleanup
00:03 +129 ~1: packages/poltergeist_core/test/connection/pool_reconnect_test.dart: credential resolution exceptions stop recovery with the original error
00:03 +130 ~1: packages/poltergeist_core/test/fs/local_file_system_test.dart: rename a missing source fails notFound and the destination is untouched
00:03 +131 ~1: packages/poltergeist_core/test/fs/local_file_system_test.dart: rename a missing source fails notFound and the destination is untouched
00:03 +132 ~1: packages/poltergeist_core/test/fs/local_file_system_test.dart: rename a missing source fails notFound and the destination is untouched
00:03 +133 ~1: packages/poltergeist_core/test/fs/local_file_system_test.dart: rename a missing source fails notFound and the destination is untouched
00:03 +134 ~1: packages/poltergeist_core/test/fs/local_file_system_test.dart: rename a missing source fails notFound and the destination is untouched
00:03 +135 ~1: packages/poltergeist_core/test/connection/pool_teardown_test.dart: disconnect bounds all channels and still closes the transport
00:03 +136 ~1: packages/poltergeist_core/test/connection/pool_teardown_test.dart: disconnect bounds all channels and still closes the transport
00:03 +137 ~1: packages/poltergeist_core/test/connection/pool_teardown_test.dart: disconnect bounds all channels and still closes the transport
00:03 +138 ~1: packages/poltergeist_core/test/connection/pool_teardown_test.dart: disconnect bounds all channels and still closes the transport
00:03 +139 ~1: packages/poltergeist_core/test/connection/pool_teardown_test.dart: disconnect bounds all channels and still closes the transport
00:03 +140 ~1: packages/poltergeist_core/test/connection/pool_teardown_test.dart: disconnect bounds all channels and still closes the transport
00:03 +141 ~1: packages/poltergeist_core/test/connection/pool_teardown_test.dart: disconnect bounds all channels and still closes the transport
00:03 +142 ~1: packages/poltergeist_core/test/connection/pool_teardown_test.dart: disconnect bounds all channels and still closes the transport
00:03 +143 ~1: packages/poltergeist_core/test/connection/pool_teardown_test.dart: disconnect bounds all channels and still closes the transport
00:03 +144 ~1: packages/poltergeist_core/test/connection/pool_teardown_test.dart: disconnect bounds all channels and still closes the transport
00:03 +145 ~1: packages/poltergeist_core/test/connection/pool_teardown_test.dart: disconnect bounds all channels and still closes the transport
00:03 +146 ~1: packages/poltergeist_core/test/connection/pool_teardown_test.dart: disconnect bounds all channels and still closes the transport
00:03 +147 ~1: packages/poltergeist_core/test/connection/pool_teardown_test.dart: disconnect bounds all channels and still closes the transport
00:03 +148 ~1: packages/poltergeist_core/test/connection/pool_teardown_test.dart: disconnect bounds all channels and still closes the transport
00:03 +149 ~1: packages/poltergeist_core/test/connection/pool_teardown_test.dart: disconnect bounds all channels and still closes the transport
00:03 +150 ~1: packages/poltergeist_core/test/connection/pool_teardown_test.dart: disconnect bounds all channels and still closes the transport
00:03 +151 ~1: packages/poltergeist_core/test/fs/local_file_system_test.dart: rename same-lowercase but distinct entries are two files, not one rename
00:03 +152 ~1: packages/poltergeist_core/test/fs/local_file_system_test.dart: rename same-lowercase but distinct entries are two files, not one rename
00:03 +153 ~1: packages/poltergeist_core/test/fs/local_file_system_test.dart: rename same-lowercase but distinct entries are two files, not one rename
00:03 +154 ~1: packages/poltergeist_core/test/fs/local_file_system_test.dart: rename same-lowercase but distinct entries are two files, not one rename
00:03 +155 ~1: packages/poltergeist_core/test/fs/local_file_system_test.dart: rename same-lowercase but distinct entries are two files, not one rename
00:03 +156 ~1: packages/poltergeist_core/test/fs/local_file_system_test.dart: rename same-lowercase but distinct entries are two files, not one rename
00:03 +157 ~1: packages/poltergeist_core/test/connection/pool_teardown_test.dart: changed-key cleanup cannot stall the hard block
00:03 +158 ~1: packages/poltergeist_core/test/connection/pool_teardown_test.dart: changed-key cleanup cannot stall the hard block
00:03 +159 ~1: packages/poltergeist_core/test/connection/pool_teardown_test.dart: changed-key cleanup cannot stall the hard block
00:03 +160 ~1: packages/poltergeist_core/test/fs/local_file_system_test.dart: delete deletes a file
00:03 +161 ~1: packages/poltergeist_core/test/fs/local_file_system_test.dart: delete deletes a file
00:03 +162 ~1: packages/poltergeist_core/test/fs/local_file_system_test.dart: delete deletes a file
00:03 +163 ~1: packages/poltergeist_core/test/fs/local_fs_safety_test.dart: Séance parity — the recursive-download commit shape commits a downloaded tree through the helpers
00:03 +164 ~1: packages/poltergeist_core/test/fs/local_fs_safety_test.dart: Séance parity — the recursive-download commit shape commits a downloaded tree through the helpers
00:03 +165 ~1: packages/poltergeist_core/test/fs/local_fs_safety_test.dart: Séance parity — the recursive-download commit shape commits a downloaded tree through the helpers
00:03 +166 ~1: packages/poltergeist_core/test/fs/local_fs_safety_test.dart: Séance parity — the recursive-download commit shape commits a downloaded tree through the helpers
00:03 +167 ~1: packages/poltergeist_core/test/fs/local_fs_safety_test.dart: Séance parity — the recursive-download commit shape commits a downloaded tree through the helpers
00:03 +168 ~1: packages/poltergeist_core/test/fs/local_fs_safety_test.dart: Séance parity — the recursive-download commit shape commits a downloaded tree through the helpers
00:03 +169 ~1: packages/poltergeist_core/test/fs/local_fs_safety_test.dart: Séance parity — the recursive-download commit shape commits a downloaded tree through the helpers
00:03 +170 ~1: packages/poltergeist_core/test/fs/local_fs_safety_test.dart: Séance parity — the recursive-download commit shape commits a downloaded tree through the helpers
00:03 +171 ~1: packages/poltergeist_core/test/fs/local_fs_safety_test.dart: Séance parity — the recursive-download commit shape commits a downloaded tree through the helpers
00:03 +172 ~1: packages/poltergeist_core/test/fs/local_fs_safety_test.dart: Séance parity — the recursive-download commit shape commits a downloaded tree through the helpers
00:03 +173 ~1: packages/poltergeist_core/test/fs/local_fs_safety_test.dart: Séance parity — the recursive-download commit shape commits a downloaded tree through the helpers
00:03 +174 ~1: packages/poltergeist_core/test/fs/local_fs_safety_test.dart: Séance parity — the recursive-download commit shape commits a downloaded tree through the helpers
00:03 +175 ~1: packages/poltergeist_core/test/fs/local_fs_safety_test.dart: Séance parity — the recursive-download commit shape commits a downloaded tree through the helpers
00:03 +176 ~1: packages/poltergeist_core/test/fs/local_fs_safety_test.dart: Séance parity — the recursive-download commit shape commits a downloaded tree through the helpers
00:03 +177 ~1: packages/poltergeist_core/test/fs/local_fs_safety_test.dart: Séance parity — the recursive-download commit shape commits a downloaded tree through the helpers
00:03 +178 ~1: packages/poltergeist_core/test/fs/local_fs_safety_test.dart: Séance parity — the recursive-download commit shape commits a downloaded tree through the helpers
00:03 +179 ~1: packages/poltergeist_core/test/fs/local_fs_safety_test.dart: Séance parity — the recursive-download commit shape commits a downloaded tree through the helpers
00:03 +180 ~1: packages/poltergeist_core/test/fs/local_fs_safety_test.dart: Séance parity — the recursive-download commit shape commits a downloaded tree through the helpers
00:03 +181 ~1: packages/poltergeist_core/test/fs/local_fs_safety_test.dart: Séance parity — the recursive-download commit shape commits a downloaded tree through the helpers
00:03 +182 ~1: packages/poltergeist_core/test/fs/local_fs_safety_test.dart: Séance parity — the recursive-download commit shape commits a downloaded tree through the helpers
00:03 +183 ~1: packages/poltergeist_core/test/fs/local_fs_safety_test.dart: Séance parity — the recursive-download commit shape commits a downloaded tree through the helpers
00:03 +184 ~1: packages/poltergeist_core/test/fs/local_fs_safety_test.dart: Séance parity — the recursive-download commit shape commits a downloaded tree through the helpers
00:03 +185 ~1: packages/poltergeist_core/test/fs/local_fs_safety_test.dart: Séance parity — the recursive-download commit shape commits a downloaded tree through the helpers
00:03 +186 ~1: packages/poltergeist_core/test/fs/local_fs_safety_test.dart: Séance parity — the recursive-download commit shape commits a downloaded tree through the helpers
00:03 +187 ~1: packages/poltergeist_core/test/fs/local_fs_safety_test.dart: Séance parity — the recursive-download commit shape commits a downloaded tree through the helpers
00:03 +188 ~1: packages/poltergeist_core/test/fs/local_fs_safety_test.dart: Séance parity — the recursive-download commit shape commits a downloaded tree through the helpers
00:03 +189 ~1: packages/poltergeist_core/test/fs/local_fs_safety_test.dart: Séance parity — the recursive-download commit shape commits a downloaded tree through the helpers
00:03 +190 ~1: packages/poltergeist_core/test/fs/local_fs_safety_test.dart: Séance parity — the recursive-download commit shape commits a downloaded tree through the helpers
00:03 +191 ~1: packages/poltergeist_core/test/fs/local_fs_safety_test.dart: Séance parity — the recursive-download commit shape commits a downloaded tree through the helpers
00:03 +192 ~1: packages/poltergeist_core/test/fs/local_fs_safety_test.dart: Séance parity — the recursive-download commit shape commits a downloaded tree through the helpers
00:03 +193 ~1: packages/poltergeist_core/test/fs/local_fs_safety_test.dart: Séance parity — the recursive-download commit shape commits a downloaded tree through the helpers
00:03 +194 ~1: packages/poltergeist_core/test/fs/local_fs_safety_test.dart: Séance parity — the recursive-download commit shape commits a downloaded tree through the helpers
00:03 +195 ~1: packages/poltergeist_core/test/fs/local_file_system_test.dart: download an out-of-band change during the stream fails conflict
00:03 +196 ~1: packages/poltergeist_core/test/fs/local_file_system_test.dart: download cancellation before the start throws cancelled and streams nothing
00:03 +197 ~1: packages/poltergeist_core/test/fs/local_file_system_test.dart: download cancellation mid-stream throws cancelled (sticky)
00:03 +198 ~1: packages/poltergeist_core/test/fs/local_file_system_test.dart: upload writes the content and returns the digested entry
00:03 +199 ~1: packages/poltergeist_core/test/fs/local_file_system_test.dart: upload honors preserveMode
00:03 +200 ~1: packages/poltergeist_core/test/connection/pool_idle_waiter_test.dart: extra channel retirement wakes a lease queued during its close
00:04 +201 ~1: packages/poltergeist_core/test/connection/pool_idle_waiter_test.dart: extra channel retirement wakes a lease queued during its close
00:04 +202 ~1: packages/poltergeist_core/test/fs/local_file_system_test.dart: upload an existing target conflicts without overwrite, content intact
00:04 +203 ~1: packages/poltergeist_core/test/connection/pool_idle_waiter_test.dart: a failed waiter does not deadlock the pump on its opened channel
00:04 +204 ~1: packages/poltergeist_core/test/fs/local_file_system_test.dart: upload overwrite replaces the target with no leftover backup
00:04 +205 ~1: packages/poltergeist_core/test/connection/ssh_transport_test.dart: a channel-open timeout classifies as disconnected, not unsupported
00:04 +206 ~1: packages/poltergeist_core/test/connection/ssh_transport_test.dart: a channel-open timeout classifies as disconnected, not unsupported
00:04 +207 ~1: packages/poltergeist_core/test/fs/local_file_system_test.dart: upload expectedTarget matching the current snapshot commits
00:04 +208 ~1: packages/poltergeist_core/test/fs/local_file_system_test.dart: upload expectedTarget matching the current snapshot commits
00:04 +209 ~1: packages/poltergeist_core/test/fs/local_file_system_test.dart: upload expectedTarget matching the current snapshot commits
00:04 +210 ~1: packages/poltergeist_core/test/connection/ssh_transport_test.dart: VFS exceptions pass through unchanged
00:04 +211 ~1: packages/poltergeist_core/test/fs/local_file_system_test.dart: upload expectedTarget digest mismatch fails conflict even with a matching snapshot
00:04 +212 ~1: packages/poltergeist_core/test/fs/local_file_system_test.dart: upload a mid-upload replacement fails the post-stream CAS check
00:04 +213 ~1: packages/poltergeist_core/test/fs/local_file_system_test.dart: upload a target created mid-upload conflicts without overwrite
00:04 +214 ~1: packages/poltergeist_core/test/fs/local_file_system_test.dart: upload a source stream error fails other, cleans the temp, leaves no target
00:04 +215 ~1: packages/poltergeist_core/test/fs/local_file_system_test.dart: upload cancellation waits for source cleanup before completing
00:04 +216 ~1: packages/poltergeist_core/test/fs/local_file_system_test.dart: upload cancellation waits for source cleanup before completing
00:04 +217 ~1: packages/poltergeist_core/test/fs/local_file_system_test.dart: upload cancellation waits for source cleanup before completing
00:04 +218 ~1: packages/poltergeist_core/test/fs/local_file_system_test.dart: upload cancellation waits for source cleanup before completing
00:04 +219 ~1: packages/poltergeist_core/test/fs/local_file_system_test.dart: upload cancellation waits for source cleanup before completing
00:04 +220 ~1: packages/poltergeist_core/test/fs/local_file_system_test.dart: upload cancellation waits for source cleanup before completing
00:04 +221 ~1: packages/poltergeist_core/test/fs/local_file_system_test.dart: upload cancellation waits for source cleanup before completing
00:04 +222 ~1: packages/poltergeist_core/test/fs/local_file_system_test.dart: upload cancellation waits for source cleanup before completing
00:04 +223 ~1: packages/poltergeist_core/test/fs/local_file_system_test.dart: upload cancellation mid-stream throws cancelled and cleans the temp
00:04 +224 ~1: packages/poltergeist_core/test/fs/local_file_system_test.dart: upload an overwrite onto an existing directory refuses safely, dir intact
00:04 +225 ~1: packages/poltergeist_core/test/connection/pool_diagnostics_test.dart: connect transcript lines use value equality
00:04 +226 ~1: packages/poltergeist_core/test/fs/local_file_system_test.dart: upload an overwrite onto a symlink target refuses instead of escaping through it
00:04 +227 ~1: packages/poltergeist_core/test/connection/pool_diagnostics_test.dart: a failed first connect reports the summarized failure as detail
00:04 +228 ~1: packages/poltergeist_core/test/fs/local_file_system_test.dart: upload a target name too long for a backup fails the replace, original intact
00:04 +229 ~1: packages/poltergeist_core/test/fs/local_file_system_test.dart: upload a target name too long for a backup fails the replace, original intact
00:04 +230 ~1: packages/poltergeist_core/test/connection/pool_diagnostics_test.dart: terminal background recovery delivers its error when no acquisition awaits it
00:04 +231 ~1: packages/poltergeist_core/test/connection/pool_diagnostics_test.dart: terminal background recovery delivers its error when no acquisition awaits it
00:04 +232 ~1: packages/poltergeist_core/test/connection/pool_diagnostics_test.dart: terminal background recovery delivers its error when no acquisition awaits it
00:04 +233 ~1: packages/poltergeist_core/test/fs/local_file_system_test.dart: upload path-traversal rejection at the boundary rejects "." (current directory) before touching the disk
00:04 +234 ~1: packages/poltergeist_core/test/connection/pool_diagnostics_test.dart: terminal recovery detail reaches a queued acquisition
00:04 +235 ~1: packages/poltergeist_core/test/connection/pool_diagnostics_test.dart: terminal recovery detail reaches a queued acquisition
00:04 +236 ~1: packages/poltergeist_core/test/connection/pool_diagnostics_test.dart: terminal recovery detail reaches a queued acquisition
00:04 +237 ~1: packages/poltergeist_core/test/connection/pool_diagnostics_test.dart: terminal recovery detail reaches a queued acquisition
00:04 +238 ~1: packages/poltergeist_core/test/connection/pool_diagnostics_test.dart: terminal recovery detail reaches a queued acquisition
00:04 +239 ~1: packages/poltergeist_core/test/fs/local_file_system_test.dart: upload path-traversal rejection at the boundary rejects "aux." (reserved name with trailing dot) before touching the disk
00:04 +240 ~1: packages/poltergeist_core/test/connection/pool_diagnostics_test.dart: terminal recovery cancellation reports no detail
00:04 +241 ~1: packages/poltergeist_core/test/fs/local_file_system_test.dart: upload path-traversal rejection at the boundary rejects "aux .txt" (reserved name with trailing space in the base) before touching the disk
00:04 +242 ~1: packages/poltergeist_core/test/connection/pool_diagnostics_test.dart: a declined changed key reports the block reason as detail
00:04 +243 ~1: packages/poltergeist_core/test/connection/pool_diagnostics_test.dart: a declined changed key reports the block reason as detail
00:04 +244 ~1: packages/poltergeist_core/test/connection/pool_diagnostics_test.dart: a declined changed key reports the block reason as detail
00:04 +245 ~1: packages/poltergeist_core/test/fs/local_file_system_test.dart: upload path-traversal rejection at the boundary rejects "a<b" (forbidden character) before touching the disk
00:04 +246 ~1: packages/poltergeist_core/test/connection/pool_diagnostics_test.dart: transcript lines fan out to every referencing serverId
00:04 +247 ~1: packages/poltergeist_core/test/fs/local_file_system_test.dart: error funnel message shape every I/O failure carries the Could-not shape
00:04 +248 ~1: packages/poltergeist_core/test/fs/local_file_system_test.dart: error funnel message shape every I/O failure carries the Could-not shape
00:04 +249 ~1: packages/poltergeist_core/test/connection/pool_diagnostics_test.dart: a live connect transcript never carries raw Userauth_InfoResponse credentials
00:04 +250 ~1: packages/poltergeist_core/test/connection/pool_diagnostics_test.dart: a malformed named auth record is withheld whole (upstream fail-closed shape)
00:04 +251 ~1: packages/poltergeist_core/test/connection/pool_diagnostics_test.dart: redaction does not disturb server-id fan-out
00:04 +252 ~1: packages/poltergeist_core/test/connection/pool_diagnostics_test.dart: forwarding keeps the newest line when the transcript bound trims
00:04 +253 ~1: packages/poltergeist_core/test/connection/pool_incident_lifecycle_test.dart: the pinned key returning clears the block and its records
00:04 +254 ~1: packages/poltergeist_core/test/connection/pool_incident_lifecycle_test.dart: a declined incident survives a manager restart
00:04 +255 ~1: packages/poltergeist_core/test/connection/pool_incident_lifecycle_test.dart: a restored block lifts when the pinned key returns
00:04 +256 ~1: packages/poltergeist_core/test/connection/pool_incident_lifecycle_test.dart: a restored record with no pin is skipped but never deleted
00:04 +257 ~1: packages/poltergeist_core/test/connection/pool_incident_lifecycle_test.dart: a pin at another endpoint does not restore a record
00:04 +258 ~1: packages/poltergeist_core/test/connection/pool_incident_lifecycle_test.dart: a restored record whose pin moved on is dropped and re-detected
00:04 +259 ~1: packages/poltergeist_core/test/connection/pool_incident_lifecycle_test.dart: a stale record whose delete fails still loads unblocked
00:04 +260 ~1: packages/poltergeist_core/test/connection/pool_incident_lifecycle_test.dart: a declined incident survives a real store round-trip on disk
00:05 +261 ~1: packages/poltergeist_core/test/connection/pool_incident_lifecycle_test.dart: a declined incident survives a real store round-trip on disk
00:05 +262 ~1: packages/poltergeist_core/test/connection/pool_incident_lifecycle_test.dart: a declined incident survives a real store round-trip on disk
00:05 +263 ~1: packages/poltergeist_core/test/connection/pool_incident_lifecycle_test.dart: a declined incident survives a real store round-trip on disk
00:05 +264 ~1: packages/poltergeist_core/test/connection/pool_incident_lifecycle_test.dart: a declined incident survives a real store round-trip on disk
00:05 +265 ~1: packages/poltergeist_core/test/connection/pool_incident_lifecycle_test.dart: a declined incident survives a real store round-trip on disk
00:05 +266 ~1: packages/poltergeist_core/test/connection/pool_incident_lifecycle_test.dart: a declined incident survives a real store round-trip on disk
00:05 +267 ~1: packages/poltergeist_core/test/connection/pool_incident_lifecycle_test.dart: a declined incident survives a real store round-trip on disk
00:05 +268 ~1: packages/poltergeist_core/test/connection/pool_incident_lifecycle_test.dart: a declined incident survives a real store round-trip on disk
00:05 +269 ~1: packages/poltergeist_core/test/connection/pool_incident_lifecycle_test.dart: a declined incident survives a real store round-trip on disk
00:05 +270 ~1: packages/poltergeist_core/test/connection/pool_incident_lifecycle_test.dart: a declined incident survives a real store round-trip on disk
00:05 +271 ~1: packages/poltergeist_core/test/connection/channel_ownership_test.dart: a released lease cannot release the next borrower
00:05 +272 ~1: packages/poltergeist_core/test/connection/channel_ownership_test.dart: a released lease cannot release the next borrower
00:05 +273 ~1: packages/poltergeist_core/test/connection/channel_ownership_test.dart: a released lease cannot release the next borrower
00:05 +274 ~1: packages/poltergeist_core/test/connection/channel_ownership_test.dart: a released lease cannot release the next borrower
00:05 +275 ~1: packages/poltergeist_core/test/connection/channel_ownership_test.dart: a released lease cannot release the next borrower
00:05 +276 ~1: packages/poltergeist_core/test/connection/pool_incident_lifecycle_test.dart: store failures reach the observer without affecting the block
00:05 +277 ~1: packages/poltergeist_core/test/connection/channel_ownership_test.dart: an old pane view cannot close a replacement after disconnect
00:05 +278 ~1: packages/poltergeist_core/test/connection/channel_ownership_test.dart: an old pane view cannot close a replacement after disconnect
00:05 +279 ~1: packages/poltergeist_core/test/connection/pool_incident_lifecycle_test.dart: a lift removes a stale same-endpoint record
00:05 +280 ~1: packages/poltergeist_core/test/connection/channel_ownership_test.dart: a closed shared binding cannot close its rebind to the same channel
00:05 +281 ~1: packages/poltergeist_core/test/connection/pool_incident_lifecycle_test.dart: the removal cascade survives a thrown teardown
00:05 +282 ~1: packages/poltergeist_core/test/connection/channel_ownership_test.dart: concurrent opens of one tab share one binding lifetime
00:05 +283 ~1: packages/poltergeist_core/test/connection/pool_incident_lifecycle_test.dart: a failing record delete neither fails the removal nor strands the watch
00:05 +284 ~1: packages/poltergeist_core/test/connection/pool_incident_lifecycle_test.dart: removing a bookmark completes its state watch
00:05 +285 ~1: packages/poltergeist_core/test/connection/pool_recovery_diagnostics_test.dart: terminal background failure reaches every current pool reference
00:05 +286 ~1: packages/poltergeist_core/test/connection/channel_waiters_test.dart: first browse binding wakes concurrent browse waiters
00:05 +287 ~1: packages/poltergeist_core/test/connection/channel_waiters_test.dart: first browse binding wakes concurrent browse waiters
00:05 +288 ~1: packages/poltergeist_core/test/connection/channel_waiters_test.dart: first browse binding wakes concurrent browse waiters
00:05 +289 ~1: packages/poltergeist_core/test/connection/channel_waiters_test.dart: first browse binding wakes concurrent browse waiters
00:05 +290 ~1: packages/poltergeist_core/test/connection/channel_waiters_test.dart: first browse binding wakes concurrent browse waiters
00:05 +291 ~1: packages/poltergeist_core/test/connection/channel_waiters_test.dart: first browse binding wakes concurrent browse waiters
00:05 +292 ~1: packages/poltergeist_core/test/connection/channel_waiters_test.dart: first browse binding wakes concurrent browse waiters
00:05 +293 ~1: packages/poltergeist_core/test/connection/channel_waiters_test.dart: first browse binding wakes concurrent browse waiters
00:05 +294 ~1: packages/poltergeist_core/test/connection/pool_recovery_diagnostics_test.dart: SFTP refusal reports before channel acquisition tears down recovery
00:05 +295 ~1: packages/poltergeist_core/test/connection/channel_waiters_test.dart: a transfer waiter cannot strand a queued browse share
00:05 +296 ~1: packages/poltergeist_core/test/connection/channel_waiters_test.dart: SFTP refusal fails every request when no channel can make progress
00:05 +297 ~1: packages/poltergeist_core/test/connection/channel_waiters_test.dart: stranded transfer requests fail with the typed SFTP error
00:05 +298 ~1: packages/poltergeist_core/test/connection/channel_waiters_test.dart: a stranded pool reconnects once the server permits SFTP
00:05 +299 ~1: packages/poltergeist_core/test/connection/channel_waiters_test.dart: successful opens clear obsolete SFTP failure classification
00:05 +300 ~1: packages/poltergeist_core/test/connection/channel_waiters_test.dart: stranded teardown forgets errors before the next connect
00:05 +301 ~1: packages/poltergeist_core/test/connection/channel_waiters_test.dart: a release pump fails waiters when replacement SFTP is refused
00:05 +302 ~1: packages/poltergeist_core/test/connection/channel_waiters_test.dart: a release pump tries every available transport before failing
00:05 +303 ~1: packages/poltergeist_core/test/connection/channel_waiters_test.dart: a dead refusal cannot classify a surviving pool disconnect
00:05 +304 ~1: packages/poltergeist_core/test/connection/incident_store_test.dart: IncidentRecord round-trips through JSON verbatim
00:05 +305 ~1: packages/poltergeist_core/test/connection/incident_store_test.dart: IncidentRecord normalizes the endpoint identity like PoolKey.of
00:05 +306 ~1: packages/poltergeist_core/test/connection/incident_store_test.dart: IncidentRecord rejects malformed records
00:05 +307 ~1: packages/poltergeist_core/test/connection/incident_store_test.dart: InMemoryIncidentStore loads, upserts by serverId, and removes
00:05 +308 ~1: packages/poltergeist_core/test/connection/incident_store_test.dart: FileIncidentStore an absent file loads empty
00:05 +309 ~1: packages/poltergeist_core/test/connection/incident_store_test.dart: FileIncidentStore persists across store instances
00:05 +310 ~1: packages/poltergeist_core/test/connection/incident_store_test.dart: FileIncidentStore persists across store instances
00:05 +311 ~1: packages/poltergeist_core/test/connection/incident_store_test.dart: FileIncidentStore persists across store instances
00:05 +312 ~1: packages/poltergeist_core/test/connection/incident_store_test.dart: FileIncidentStore persists across store instances
00:05 +313 ~1: packages/poltergeist_core/test/connection/incident_store_test.dart: FileIncidentStore persists across store instances
00:05 +314 ~1: packages/poltergeist_core/test/connection/incident_store_test.dart: FileIncidentStore persists across store instances
00:05 +315 ~1: packages/poltergeist_core/test/connection/incident_store_test.dart: FileIncidentStore persists across store instances
00:05 +316 ~1: packages/poltergeist_core/test/connection/incident_store_test.dart: FileIncidentStore persists across store instances
00:05 +317 ~1: packages/poltergeist_core/test/connection/pool_resolution_dismissal_test.dart: abandoning the pool dismisses an in-flight resolution prompt
00:05 +318 ~1: packages/poltergeist_core/test/connection/pool_growth_rules_test.dart: first connect is serialized: one connect, one TOFU prompt
00:05 +319 ~1: packages/poltergeist_core/test/connection/pool_growth_rules_test.dart: first connect is serialized: one connect, one TOFU prompt
00:05 +320 ~1: packages/poltergeist_core/test/connection/pool_growth_rules_test.dart: first connect is serialized: one connect, one TOFU prompt
00:05 +321 ~1: packages/poltergeist_core/test/connection/pool_growth_rules_test.dart: first connect is serialized: one connect, one TOFU prompt
00:05 +322 ~1: packages/poltergeist_core/test/connection/pool_growth_rules_test.dart: first connect is serialized: one connect, one TOFU prompt
00:05 +323 ~1: packages/poltergeist_core/test/connection/pool_growth_rules_test.dart: first connect is serialized: one connect, one TOFU prompt
00:05 +324 ~1: packages/poltergeist_core/test/connection/pool_growth_rules_test.dart: first connect is serialized: one connect, one TOFU prompt
00:05 +325 ~1: packages/poltergeist_core/test/connection/pool_growth_rules_test.dart: first connect is serialized: one connect, one TOFU prompt
00:05 +326 ~1: packages/poltergeist_core/test/connection/incident_store_test.dart: FileIncidentStore removeFor skips a record of a different endpoint
00:05 +327 ~1: packages/poltergeist_core/test/connection/incident_store_test.dart: FileIncidentStore removeFor skips a record of a different endpoint
00:05 +328 ~1: packages/poltergeist_core/test/connection/incident_store_test.dart: FileIncidentStore removeFor skips a record of a different endpoint
00:05 +329 ~1: packages/poltergeist_core/test/connection/incident_store_test.dart: FileIncidentStore removeFor skips a record of a different endpoint
00:05 +330 ~1: packages/poltergeist_core/test/connection/incident_store_test.dart: FileIncidentStore removeFor skips a record of a different endpoint
00:06 +331 ~1: packages/poltergeist_core/test/connection/incident_store_test.dart: FileIncidentStore removeFor skips a record of a different endpoint
00:06 +332 ~1: packages/poltergeist_core/test/connection/incident_store_test.dart: FileIncidentStore removeFor skips a record of a different endpoint
00:06 +333 ~1: packages/poltergeist_core/test/connection/incident_store_test.dart: FileIncidentStore removeFor skips a record of a different endpoint
00:06 +334 ~1: packages/poltergeist_core/test/connection/incident_store_test.dart: FileIncidentStore removeFor skips a record of a different endpoint
00:06 +335 ~1: packages/poltergeist_core/test/connection/incident_store_test.dart: FileIncidentStore removeFor skips a record of a different endpoint
00:06 +336 ~1: packages/poltergeist_core/test/connection/incident_store_test.dart: FileIncidentStore removeFor skips a record of a different endpoint
00:06 +337 ~1: packages/poltergeist_core/test/connection/pool_credentials_test.dart: concurrent bookmarks resolve credentials once per pool
00:06 +338 ~1: packages/poltergeist_core/test/connection/pool_credentials_test.dart: concurrent bookmarks resolve credentials once per pool
00:06 +339 ~1: packages/poltergeist_core/test/connection/pool_trust_test.dart: a transfer request cannot prompt or clear a blocked pool
00:06 +340 ~1: packages/poltergeist_core/test/connection/pool_trust_test.dart: a transfer request cannot prompt or clear a blocked pool
00:06 +341 ~1: packages/poltergeist_core/test/connection/pool_trust_test.dart: a transfer request cannot prompt or clear a blocked pool
00:06 +342 ~1: packages/poltergeist_core/test/connection/pool_trust_test.dart: a transfer request cannot prompt or clear a blocked pool
00:06 +343 ~1: packages/poltergeist_core/test/connection/pool_trust_test.dart: a transfer request cannot prompt or clear a blocked pool
00:06 +344 ~1: packages/poltergeist_core/test/connection/pool_trust_test.dart: a transfer request cannot prompt or clear a blocked pool
00:06 +345 ~1: packages/poltergeist_core/test/connection/pool_trust_test.dart: a transfer request cannot prompt or clear a blocked pool
00:06 +346 ~1: packages/poltergeist_core/test/connection/pool_trust_test.dart: a transfer request cannot prompt or clear a blocked pool
00:06 +347 ~1: packages/poltergeist_core/test/connection/pool_trust_test.dart: a transfer request cannot prompt or clear a blocked pool
00:06 +348 ~1: packages/poltergeist_core/test/connection/incident_store_test.dart: FileIncidentStore serializes concurrent writes without interleaving
00:06 +349 ~1: packages/poltergeist_core/test/connection/incident_store_test.dart: FileIncidentStore serializes concurrent writes without interleaving
00:06 +350 ~1: packages/poltergeist_core/test/connection/incident_store_test.dart: FileIncidentStore serializes concurrent writes without interleaving
00:06 +351 ~1: packages/poltergeist_core/test/connection/incident_store_test.dart: FileIncidentStore serializes concurrent writes without interleaving
00:06 +352 ~1: packages/poltergeist_core/test/connection/incident_store_test.dart: FileIncidentStore serializes concurrent writes without interleaving
00:06 +353 ~1: packages/poltergeist_core/test/connection/incident_store_test.dart: FileIncidentStore serializes concurrent writes without interleaving
00:06 +354 ~1: packages/poltergeist_core/test/connection/incident_store_test.dart: FileIncidentStore serializes concurrent writes without interleaving
00:06 +355 ~1: packages/poltergeist_core/test/connection/incident_store_test.dart: FileIncidentStore serializes concurrent writes without interleaving
00:06 +356 ~1: packages/poltergeist_core/test/connection/incident_store_test.dart: FileIncidentStore serializes concurrent writes without interleaving
00:06 +357 ~1: packages/poltergeist_core/test/connection/incident_store_test.dart: FileIncidentStore serializes concurrent writes without interleaving
00:06 +358 ~1: packages/poltergeist_core/test/connection/incident_store_test.dart: FileIncidentStore serializes concurrent writes without interleaving
00:06 +359 ~1: packages/poltergeist_core/test/connection/incident_store_test.dart: FileIncidentStore serializes concurrent writes without interleaving
00:06 +360 ~1: packages/poltergeist_core/test/connection/incident_store_test.dart: FileIncidentStore serializes concurrent writes without interleaving
00:06 +361 ~1: packages/poltergeist_core/test/connection/incident_store_test.dart: FileIncidentStore serializes concurrent writes without interleaving
00:06 +362 ~1: packages/poltergeist_core/test/connection/incident_store_test.dart: FileIncidentStore serializes concurrent writes without interleaving
00:06 +363 ~1: packages/poltergeist_core/test/connection/incident_store_test.dart: FileIncidentStore serializes concurrent writes without interleaving
00:06 +364 ~1: packages/poltergeist_core/test/connection/incident_store_test.dart: FileIncidentStore serializes concurrent writes without interleaving
00:06 +365 ~1: packages/poltergeist_core/test/connection/incident_store_test.dart: FileIncidentStore serializes concurrent writes without interleaving
00:06 +366 ~1: packages/poltergeist_core/test/connection/incident_store_test.dart: FileIncidentStore serializes concurrent writes without interleaving
00:06 +367 ~1: packages/poltergeist_core/test/connection/incident_store_test.dart: FileIncidentStore serializes concurrent writes without interleaving
00:06 +368 ~1: packages/poltergeist_core/test/connection/incident_store_test.dart: FileIncidentStore serializes concurrent writes without interleaving
00:06 +369 ~1: packages/poltergeist_core/test/connection/incident_store_test.dart: FileIncidentStore serializes concurrent writes without interleaving
00:06 +370 ~1: packages/poltergeist_core/test/connection/incident_store_test.dart: FileIncidentStore serializes concurrent writes without interleaving
00:06 +371 ~1: packages/poltergeist_core/test/connection/incident_store_test.dart: FileIncidentStore serializes concurrent writes without interleaving
00:06 +372 ~1: packages/poltergeist_core/test/connection/incident_store_test.dart: FileIncidentStore serializes concurrent writes without interleaving
00:06 +373 ~1: packages/poltergeist_core/test/connection/incident_store_test.dart: FileIncidentStore serializes concurrent writes without interleaving
00:06 +374 ~1: packages/poltergeist_core/test/connection/incident_store_test.dart: FileIncidentStore serializes concurrent writes without interleaving
00:06 +375 ~1: packages/poltergeist_core/test/connection/incident_store_test.dart: FileIncidentStore serializes concurrent writes without interleaving
00:06 +376 ~1: packages/poltergeist_core/test/connection/incident_store_test.dart: FileIncidentStore serializes concurrent writes without interleaving
00:06 +377 ~1: packages/poltergeist_core/test/connection/incident_store_test.dart: FileIncidentStore serializes concurrent writes without interleaving
00:06 +378 ~1: packages/poltergeist_core/test/connection/incident_store_test.dart: FileIncidentStore serializes concurrent writes without interleaving
00:06 +379 ~1: packages/poltergeist_core/test/connection/incident_store_test.dart: FileIncidentStore serializes concurrent writes without interleaving
00:06 +380 ~1: packages/poltergeist_core/test/connection/incident_store_test.dart: FileIncidentStore serializes concurrent writes without interleaving
00:06 +381 ~1: packages/poltergeist_core/test/connection/incident_store_test.dart: FileIncidentStore serializes concurrent writes without interleaving
00:06 +382 ~1: packages/poltergeist_core/test/connection/incident_store_test.dart: FileIncidentStore serializes concurrent writes without interleaving
00:06 +383 ~1: packages/poltergeist_core/test/connection/incident_store_test.dart: FileIncidentStore serializes concurrent writes without interleaving
00:06 +384 ~1: packages/poltergeist_core/test/connection/incident_store_test.dart: FileIncidentStore serializes concurrent writes without interleaving
00:06 +385 ~1: packages/poltergeist_core/test/connection/incident_store_test.dart: FileIncidentStore serializes concurrent writes without interleaving
00:06 +386 ~1: packages/poltergeist_core/test/connection/incident_store_test.dart: FileIncidentStore serializes concurrent writes without interleaving
00:06 +387 ~1: packages/poltergeist_core/test/connection/incident_store_test.dart: FileIncidentStore serializes concurrent writes without interleaving
00:06 +388 ~1: packages/poltergeist_core/test/connection/incident_store_test.dart: FileIncidentStore serializes concurrent writes without interleaving
00:06 +389 ~1: packages/poltergeist_core/test/connection/incident_store_test.dart: FileIncidentStore serializes concurrent writes without interleaving
00:06 +390 ~1: packages/poltergeist_core/test/connection/incident_store_test.dart: FileIncidentStore serializes concurrent writes without interleaving
00:06 +391 ~1: packages/poltergeist_core/test/connection/incident_store_test.dart: FileIncidentStore serializes concurrent writes without interleaving
00:06 +392 ~1: packages/poltergeist_core/test/connection/incident_store_test.dart: FileIncidentStore serializes concurrent writes without interleaving
00:06 +393 ~1: packages/poltergeist_core/test/connection/incident_store_test.dart: FileIncidentStore serializes concurrent writes without interleaving
00:06 +394 ~1: packages/poltergeist_core/test/connection/incident_store_test.dart: FileIncidentStore serializes concurrent writes without interleaving
00:06 +395 ~1: packages/poltergeist_core/test/connection/incident_store_test.dart: FileIncidentStore serializes concurrent writes without interleaving
00:06 +396 ~1: packages/poltergeist_core/test/connection/incident_store_test.dart: FileIncidentStore serializes concurrent writes without interleaving
00:06 +397 ~1: packages/poltergeist_core/test/connection/incident_store_test.dart: FileIncidentStore serializes concurrent writes without interleaving
00:06 +398 ~1: packages/poltergeist_core/test/connection/incident_store_test.dart: FileIncidentStore serializes concurrent writes without interleaving
00:06 +399 ~1: packages/poltergeist_core/test/connection/incident_store_test.dart: FileIncidentStore serializes concurrent writes without interleaving
00:06 +400 ~1: packages/poltergeist_core/test/connection/incident_store_test.dart: FileIncidentStore serializes concurrent writes without interleaving
00:06 +401 ~1: packages/poltergeist_core/test/connection/incident_store_test.dart: FileIncidentStore serializes concurrent writes without interleaving
00:06 +402 ~1: packages/poltergeist_core/test/connection/incident_store_test.dart: FileIncidentStore serializes concurrent writes without interleaving
00:06 +403 ~1: packages/poltergeist_core/test/connection/incident_store_test.dart: FileIncidentStore serializes concurrent writes without interleaving
00:06 +404 ~1: packages/poltergeist_core/test/connection/incident_store_test.dart: FileIncidentStore serializes concurrent writes without interleaving
00:06 +405 ~1: packages/poltergeist_core/test/connection/incident_store_test.dart: FileIncidentStore serializes concurrent writes without interleaving
00:06 +406 ~1: packages/poltergeist_core/test/connection/incident_store_test.dart: FileIncidentStore serializes concurrent writes without interleaving
00:06 +407 ~1: packages/poltergeist_core/test/connection/incident_store_test.dart: FileIncidentStore serializes concurrent writes without interleaving
00:06 +408 ~1: packages/poltergeist_core/test/connection/incident_store_test.dart: FileIncidentStore serializes concurrent writes without interleaving
00:06 +409 ~1: packages/poltergeist_core/test/connection/incident_store_test.dart: FileIncidentStore serializes concurrent writes without interleaving
00:06 +410 ~1: packages/poltergeist_core/test/connection/incident_store_test.dart: FileIncidentStore serializes concurrent writes without interleaving
00:06 +411 ~1: packages/poltergeist_core/test/connection/incident_store_test.dart: FileIncidentStore serializes concurrent writes without interleaving
00:06 +412 ~1: packages/poltergeist_core/test/connection/incident_store_test.dart: FileIncidentStore serializes concurrent writes without interleaving
00:06 +413 ~1: packages/poltergeist_core/test/connection/incident_store_test.dart: FileIncidentStore serializes concurrent writes without interleaving
00:06 +414 ~1: packages/poltergeist_core/test/connection/incident_store_test.dart: FileIncidentStore serializes concurrent writes without interleaving
00:06 +415 ~1: packages/poltergeist_core/test/connection/incident_store_test.dart: FileIncidentStore serializes concurrent writes without interleaving
00:06 +416 ~1: packages/poltergeist_core/test/connection/incident_store_test.dart: FileIncidentStore serializes concurrent writes without interleaving
00:06 +417 ~1: packages/poltergeist_core/test/connection/incident_store_test.dart: FileIncidentStore serializes concurrent writes without interleaving
00:06 +418 ~1: packages/poltergeist_core/test/connection/incident_store_test.dart: FileIncidentStore serializes concurrent writes without interleaving
00:06 +419 ~1: packages/poltergeist_core/test/connection/incident_store_test.dart: FileIncidentStore serializes concurrent writes without interleaving
00:06 +420 ~1: packages/poltergeist_core/test/connection/incident_store_test.dart: FileIncidentStore serializes concurrent writes without interleaving
00:06 +421 ~1: packages/poltergeist_core/test/connection/incident_store_test.dart: FileIncidentStore serializes concurrent writes without interleaving
00:06 +422 ~1: packages/poltergeist_core/test/connection/incident_store_test.dart: FileIncidentStore serializes concurrent writes without interleaving
00:06 +423 ~1: packages/poltergeist_core/test/connection/incident_store_test.dart: FileIncidentStore serializes concurrent writes without interleaving
00:06 +424 ~1: packages/poltergeist_core/test/connection/incident_store_test.dart: FileIncidentStore serializes concurrent writes without interleaving
00:06 +425 ~1: packages/poltergeist_core/test/connection/incident_store_test.dart: FileIncidentStore serializes concurrent writes without interleaving
00:06 +426 ~1: packages/poltergeist_core/test/connection/incident_store_test.dart: FileIncidentStore serializes concurrent writes without interleaving
00:06 +427 ~1: packages/poltergeist_core/test/connection/incident_store_test.dart: FileIncidentStore serializes concurrent writes without interleaving
00:06 +428 ~1: packages/poltergeist_core/test/connection/incident_store_test.dart: FileIncidentStore serializes concurrent writes without interleaving
00:06 +429 ~1: packages/poltergeist_core/test/connection/incident_store_test.dart: FileIncidentStore serializes concurrent writes without interleaving
00:06 +430 ~1: packages/poltergeist_core/test/connection/incident_store_test.dart: FileIncidentStore serializes concurrent writes without interleaving
00:06 +431 ~1: packages/poltergeist_core/test/connection/incident_store_test.dart: FileIncidentStore serializes concurrent writes without interleaving
00:06 +432 ~1: packages/poltergeist_core/test/connection/incident_store_test.dart: FileIncidentStore serializes concurrent writes without interleaving
00:06 +433 ~1: packages/poltergeist_core/test/connection/incident_store_test.dart: FileIncidentStore serializes concurrent writes without interleaving
00:06 +434 ~1: packages/poltergeist_core/test/connection/incident_store_test.dart: FileIncidentStore serializes concurrent writes without interleaving
00:06 +435 ~1: packages/poltergeist_core/test/connection/incident_store_test.dart: FileIncidentStore serializes concurrent writes without interleaving
00:06 +436 ~1: packages/poltergeist_core/test/connection/incident_store_test.dart: FileIncidentStore serializes concurrent writes without interleaving
00:06 +437 ~1: packages/poltergeist_core/test/connection/incident_store_test.dart: FileIncidentStore serializes concurrent writes without interleaving
00:06 +438 ~1: packages/poltergeist_core/test/connection/incident_store_test.dart: FileIncidentStore serializes concurrent writes without interleaving
00:06 +439 ~1: packages/poltergeist_core/test/connection/incident_store_test.dart: FileIncidentStore serializes concurrent writes without interleaving
00:06 +440 ~1: packages/poltergeist_core/test/connection/incident_store_test.dart: FileIncidentStore serializes concurrent writes without interleaving
00:06 +441 ~1: packages/poltergeist_core/test/connection/incident_store_test.dart: FileIncidentStore serializes concurrent writes without interleaving
00:06 +442 ~1: packages/poltergeist_core/test/connection/incident_store_test.dart: FileIncidentStore serializes concurrent writes without interleaving
00:06 +443 ~1: packages/poltergeist_core/test/connection/incident_store_test.dart: FileIncidentStore serializes concurrent writes without interleaving
00:06 +444 ~1: packages/poltergeist_core/test/connection/incident_store_test.dart: FileIncidentStore serializes concurrent writes without interleaving
00:06 +445 ~1: packages/poltergeist_core/test/connection/incident_store_test.dart: FileIncidentStore serializes concurrent writes without interleaving
00:06 +446 ~1: packages/poltergeist_core/test/connection/incident_store_test.dart: FileIncidentStore serializes concurrent writes without interleaving
00:06 +447 ~1: packages/poltergeist_core/test/connection/incident_store_test.dart: FileIncidentStore serializes concurrent writes without interleaving
00:06 +448 ~1: packages/poltergeist_core/test/connection/incident_store_test.dart: FileIncidentStore serializes concurrent writes without interleaving
00:06 +449 ~1: packages/poltergeist_core/test/connection/incident_store_test.dart: FileIncidentStore serializes concurrent writes without interleaving
00:06 +450 ~1: packages/poltergeist_core/test/connection/incident_store_test.dart: FileIncidentStore serializes concurrent writes without interleaving
00:06 +451 ~1: packages/poltergeist_core/test/connection/incident_store_test.dart: FileIncidentStore serializes concurrent writes without interleaving
00:06 +452 ~1: packages/poltergeist_core/test/connection/incident_store_test.dart: FileIncidentStore serializes concurrent writes without interleaving
00:06 +453 ~1: packages/poltergeist_core/test/connection/incident_store_test.dart: FileIncidentStore serializes concurrent writes without interleaving
00:06 +454 ~1: packages/poltergeist_core/test/connection/incident_store_test.dart: FileIncidentStore serializes concurrent writes without interleaving
00:06 +455 ~1: packages/poltergeist_core/test/connection/incident_store_test.dart: FileIncidentStore serializes concurrent writes without interleaving
00:06 +456 ~1: packages/poltergeist_core/test/connection/incident_store_test.dart: FileIncidentStore serializes concurrent writes without interleaving
00:06 +457 ~1: packages/poltergeist_core/test/connection/incident_store_test.dart: FileIncidentStore serializes concurrent writes without interleaving
00:06 +458 ~1: packages/poltergeist_core/test/connection/incident_store_test.dart: FileIncidentStore serializes concurrent writes without interleaving
00:06 +459 ~1: packages/poltergeist_core/test/connection/incident_store_test.dart: FileIncidentStore serializes concurrent writes without interleaving
00:06 +460 ~1: packages/poltergeist_core/test/connection/incident_store_test.dart: FileIncidentStore serializes concurrent writes without interleaving
00:06 +461 ~1: packages/poltergeist_core/test/connection/incident_store_test.dart: FileIncidentStore serializes concurrent writes without interleaving
00:06 +462 ~1: packages/poltergeist_core/test/connection/incident_store_test.dart: FileIncidentStore serializes concurrent writes without interleaving
00:06 +463 ~1: packages/poltergeist_core/test/connection/incident_store_test.dart: FileIncidentStore serializes concurrent writes without interleaving
00:06 +464 ~1: packages/poltergeist_core/test/connection/incident_store_test.dart: FileIncidentStore serializes concurrent writes without interleaving
00:06 +465 ~1: packages/poltergeist_core/test/connection/incident_store_test.dart: FileIncidentStore serializes concurrent writes without interleaving
00:06 +466 ~1: packages/poltergeist_core/test/connection/incident_store_test.dart: FileIncidentStore serializes concurrent writes without interleaving
00:06 +467 ~1: packages/poltergeist_core/test/connection/incident_store_test.dart: FileIncidentStore serializes concurrent writes without interleaving
00:06 +468 ~1: packages/poltergeist_core/test/connection/incident_store_test.dart: FileIncidentStore serializes concurrent writes without interleaving
00:06 +469 ~1: packages/poltergeist_core/test/connection/incident_store_test.dart: FileIncidentStore serializes concurrent writes without interleaving
00:06 +470 ~1: packages/poltergeist_core/test/connection/incident_store_test.dart: FileIncidentStore serializes concurrent writes without interleaving
00:06 +471 ~1: packages/poltergeist_core/test/connection/incident_store_test.dart: FileIncidentStore serializes concurrent writes without interleaving
00:06 +472 ~1: packages/poltergeist_core/test/connection/incident_store_test.dart: FileIncidentStore serializes concurrent writes without interleaving
00:06 +473 ~1: packages/poltergeist_core/test/connection/incident_store_test.dart: FileIncidentStore serializes concurrent writes without interleaving
00:06 +474 ~1: packages/poltergeist_core/test/connection/incident_store_test.dart: FileIncidentStore serializes concurrent writes without interleaving
00:06 +475 ~1: packages/poltergeist_core/test/connection/incident_store_test.dart: FileIncidentStore serializes concurrent writes without interleaving
00:06 +476 ~1: packages/poltergeist_core/test/connection/incident_store_test.dart: FileIncidentStore serializes concurrent writes without interleaving
00:06 +477 ~1: packages/poltergeist_core/test/connection/incident_store_test.dart: FileIncidentStore serializes concurrent writes without interleaving
00:06 +478 ~1: packages/poltergeist_core/test/connection/incident_store_test.dart: FileIncidentStore serializes concurrent writes without interleaving
00:06 +479 ~1: packages/poltergeist_core/test/connection/incident_store_test.dart: FileIncidentStore serializes concurrent writes without interleaving
00:06 +480 ~1: packages/poltergeist_core/test/connection/incident_store_test.dart: FileIncidentStore serializes concurrent writes without interleaving
00:06 +481 ~1: packages/poltergeist_core/test/connection/incident_store_test.dart: FileIncidentStore serializes concurrent writes without interleaving
00:06 +482 ~1: packages/poltergeist_core/test/connection/incident_store_test.dart: FileIncidentStore serializes concurrent writes without interleaving
00:06 +483 ~1: packages/poltergeist_core/test/connection/incident_store_test.dart: FileIncidentStore serializes concurrent writes without interleaving
00:06 +484 ~1: packages/poltergeist_core/test/connection/incident_store_test.dart: FileIncidentStore serializes concurrent writes without interleaving
00:06 +485 ~1: packages/poltergeist_core/test/connection/incident_store_test.dart: FileIncidentStore serializes concurrent writes without interleaving
00:06 +486 ~1: packages/poltergeist_core/test/connection/incident_store_test.dart: FileIncidentStore serializes concurrent writes without interleaving
00:06 +487 ~1: packages/poltergeist_core/test/connection/incident_store_test.dart: FileIncidentStore serializes concurrent writes without interleaving
00:06 +488 ~1: packages/poltergeist_core/test/connection/incident_store_test.dart: FileIncidentStore serializes concurrent writes without interleaving
00:06 +489 ~1: packages/poltergeist_core/test/connection/incident_store_test.dart: FileIncidentStore serializes concurrent writes without interleaving
00:06 +490 ~1: packages/poltergeist_core/test/connection/incident_store_test.dart: FileIncidentStore serializes concurrent writes without interleaving
00:06 +491 ~1: packages/poltergeist_core/test/connection/incident_store_test.dart: FileIncidentStore serializes concurrent writes without interleaving
00:06 +491 ~1: packages/poltergeist_core/test/integration/pool_auth_tofu_sshd_test.dart: keyboard-interactive auth against real sshd answers one challenge, then caps the pool at one transport
  Skip: Set POLTERGEIST_SSHD and POLTERGEIST_SSHD_AUTHMATRIX to enable.
00:06 +491 ~2: packages/poltergeist_core/test/connection/incident_store_test.dart: FileIncidentStore serializes concurrent writes without interleaving
00:06 +491 ~2: packages/poltergeist_core/test/integration/pool_auth_tofu_sshd_test.dart: TOFU against real sshd first use prompts once, pins, and verifies silently after
  Skip: Set POLTERGEIST_SSHD and POLTERGEIST_SSHD_MODERN to enable.
00:06 +491 ~3: packages/poltergeist_core/test/connection/incident_store_test.dart: FileIncidentStore serializes concurrent writes without interleaving
00:06 +491 ~3: packages/poltergeist_core/test/integration/pool_auth_tofu_sshd_test.dart: changed key against real sshd hard-blocks every operation without re-pinning
  Skip: Set POLTERGEIST_SSHD and POLTERGEIST_SSHD_MODERN to enable.
00:06 +491 ~4: packages/poltergeist_core/test/connection/incident_store_test.dart: FileIncidentStore serializes concurrent writes without interleaving
00:06 +492 ~4: packages/poltergeist_core/test/connection/incident_store_test.dart: FileIncidentStore serializes concurrent writes without interleaving
00:06 +493 ~4: packages/poltergeist_core/test/connection/incident_store_test.dart: FileIncidentStore serializes concurrent writes without interleaving
00:06 +494 ~4: packages/poltergeist_core/test/connection/incident_store_test.dart: FileIncidentStore serializes concurrent writes without interleaving
00:06 +494 ~4: packages/poltergeist_core/test/integration/tofu_sshd_test.dart: shared TOFU decisions against real sshd two bookmarks share one pending first-use decision
  Skip: Set POLTERGEIST_SSHD and POLTERGEIST_SSHD_MODERN to enable.
00:06 +494 ~5: packages/poltergeist_core/test/connection/incident_store_test.dart: FileIncidentStore serializes concurrent writes without interleaving
00:06 +494 ~5: packages/poltergeist_core/test/integration/tofu_sshd_test.dart: shared TOFU decisions against real sshd declining first use stores no pin and retry asks again
  Skip: Set POLTERGEIST_SSHD and POLTERGEIST_SSHD_MODERN to enable.
00:06 +494 ~6: packages/poltergeist_core/test/connection/incident_store_test.dart: FileIncidentStore serializes concurrent writes without interleaving
00:06 +494 ~6: packages/poltergeist_core/test/integration/tofu_sshd_test.dart: shared TOFU decisions against real sshd a swapped key blocks both bookmarks until explicit review
  Skip: Set POLTERGEIST_SSHD and POLTERGEIST_SSHD_MODERN to enable.
00:06 +494 ~7: packages/poltergeist_core/test/connection/incident_store_test.dart: FileIncidentStore serializes concurrent writes without interleaving
00:06 +494 ~7: packages/poltergeist_core/test/integration/tofu_sshd_test.dart: shared TOFU decisions against real sshd subsequent tests see the original fixture host key
  Skip: Set POLTERGEIST_SSHD and POLTERGEIST_SSHD_MODERN to enable.
00:06 +494 ~8: packages/poltergeist_core/test/connection/incident_store_test.dart: FileIncidentStore serializes concurrent writes without interleaving
00:06 +495 ~8: packages/poltergeist_core/test/connection/incident_store_test.dart: FileIncidentStore serializes concurrent writes without interleaving
00:06 +496 ~8: packages/poltergeist_core/test/connection/incident_store_test.dart: FileIncidentStore serializes concurrent writes without interleaving
00:06 +497 ~8: packages/poltergeist_core/test/connection/incident_store_test.dart: FileIncidentStore serializes concurrent writes without interleaving
00:06 +498 ~8: packages/poltergeist_core/test/connection/incident_store_test.dart: FileIncidentStore serializes concurrent writes without interleaving
00:06 +499 ~8: packages/poltergeist_core/test/connection/incident_store_test.dart: FileIncidentStore serializes concurrent writes without interleaving
00:06 +500 ~8: packages/poltergeist_core/test/connection/incident_store_test.dart: FileIncidentStore serializes concurrent writes without interleaving
00:06 +501 ~8: packages/poltergeist_core/test/connection/incident_store_test.dart: FileIncidentStore serializes concurrent writes without interleaving
00:06 +502 ~8: packages/poltergeist_core/test/connection/incident_store_test.dart: FileIncidentStore serializes concurrent writes without interleaving
00:06 +503 ~8: packages/poltergeist_core/test/connection/pool_trust_test.dart: late growth oldKey respects the replacement connection
00:06 +504 ~8: packages/poltergeist_core/test/connection/pool_trust_test.dart: late growth oldKey respects the replacement connection
00:06 +505 ~8: packages/poltergeist_core/test/connection/pool_trust_test.dart: late growth oldKey respects the replacement connection
00:06 +506 ~8: packages/poltergeist_core/test/connection/pool_trust_test.dart: late growth oldKey respects the replacement connection
00:06 +507 ~8: packages/poltergeist_core/test/connection/pool_trust_test.dart: late growth oldKey respects the replacement connection
00:06 +508 ~8: packages/poltergeist_core/test/connection/pool_trust_test.dart: late growth oldKey respects the replacement connection
00:06 +509 ~8: packages/poltergeist_core/test/connection/pool_trust_test.dart: late growth oldKey respects the replacement connection
00:06 +510 ~8: packages/poltergeist_core/test/connection/pool_trust_test.dart: late growth oldKey respects the replacement connection
00:06 +511 ~8: packages/poltergeist_core/test/connection/pool_trust_test.dart: late growth oldKey respects the replacement connection
00:06 +512 ~8: packages/poltergeist_core/test/connection/pool_trust_test.dart: late growth oldKey respects the replacement connection
00:06 +513 ~8: packages/poltergeist_core/test/connection/pool_trust_test.dart: late growth oldKey respects the replacement connection
00:06 +514 ~8: packages/poltergeist_core/test/connection/pool_trust_test.dart: late growth oldKey respects the replacement connection
00:06 +515 ~8: packages/poltergeist_core/test/connection/pool_trust_test.dart: late growth oldKey respects the replacement connection
00:06 +516 ~8: packages/poltergeist_core/test/connection/pool_trust_test.dart: late growth oldKey respects the replacement connection
00:06 +517 ~8: packages/poltergeist_core/test/connection/pool_trust_test.dart: late growth oldKey respects the replacement connection
00:06 +518 ~8: packages/poltergeist_core/test/connection/pool_trust_test.dart: late growth oldKey respects the replacement connection
00:06 +519 ~8: packages/poltergeist_core/test/connection/pool_trust_test.dart: late growth oldKey respects the replacement connection
00:06 +520 ~8: packages/poltergeist_core/test/connection/pool_trust_test.dart: late growth oldKey respects the replacement connection
00:06 +521 ~8: packages/poltergeist_core/test/connection/pool_trust_test.dart: late growth oldKey respects the replacement connection
00:06 +522 ~8: packages/poltergeist_core/test/connection/pool_trust_test.dart: late growth oldKey respects the replacement connection
00:06 +523 ~8: packages/poltergeist_core/test/connection/pool_trust_test.dart: late growth oldKey respects the replacement connection
00:06 +524 ~8: packages/poltergeist_core/test/connection/pool_trust_test.dart: late growth oldKey respects the replacement connection
00:06 +525 ~8: packages/poltergeist_core/test/connection/pool_trust_test.dart: late growth oldKey respects the replacement connection
00:06 +526 ~8: packages/poltergeist_core/test/connection/pool_trust_test.dart: late growth oldKey respects the replacement connection
00:06 +527 ~8: packages/poltergeist_core/test/connection/pool_trust_test.dart: late growth oldKey respects the replacement connection
00:06 +528 ~8: packages/poltergeist_core/test/connection/pool_trust_test.dart: late growth oldKey respects the replacement connection
00:06 +528 ~8: packages/poltergeist_core/test/integration/pool_sshd_test.dart: pool against real sshd privateKey grows to the transport cap and queues excess demand
  Skip: Set POLTERGEIST_SSHD and POLTERGEIST_SSHD_MODERN to enable.
00:06 +528 ~9: packages/poltergeist_core/test/connection/pool_trust_test.dart: late growth oldKey respects the replacement connection
00:06 +528 ~9: packages/poltergeist_core/test/integration/pool_sshd_test.dart: pool against real sshd password grows to the transport cap and queues excess demand
  Skip: Set POLTERGEIST_SSHD and POLTERGEIST_SSHD_MODERN to enable.
00:06 +528 ~10: packages/poltergeist_core/test/connection/pool_trust_test.dart: late growth oldKey respects the replacement connection
00:06 +528 ~10: packages/poltergeist_core/test/integration/pool_sshd_test.dart: pool against real sshd pool keepalive completes real ping round trips on both transports
  Skip: Set POLTERGEIST_SSHD and POLTERGEIST_SSHD_MODERN to enable.
00:06 +528 ~11: packages/poltergeist_core/test/connection/pool_trust_test.dart: late growth oldKey respects the replacement connection
00:06 +528 ~11: packages/poltergeist_core/test/integration/pool_sshd_test.dart: pool against real sshd stop/start probes with backoff and rebinds the existing browse handle
  Skip: Set POLTERGEIST_SSHD and POLTERGEIST_SSHD_MODERN to enable.
00:06 +528 ~12: packages/poltergeist_core/test/connection/pool_trust_test.dart: late growth oldKey respects the replacement connection
00:06 +529 ~12: packages/poltergeist_core/test/connection/pool_trust_test.dart: late growth oldKey respects the replacement connection
00:07 +529 ~12: packages/poltergeist_core/test/integration/sshd_fixture_test.dart: modern fixture completes an SSH banner exchange
  Skip: Set POLTERGEIST_SSHD and POLTERGEIST_SSHD_MODERN to enable.
00:07 +529 ~13: packages/poltergeist_core/test/connection/pool_trust_test.dart: late growth oldKey respects the replacement connection
00:07 +530 ~13: packages/poltergeist_core/test/connection/pool_trust_test.dart: late growth oldKey respects the replacement connection
00:07 +531 ~13: packages/poltergeist_core/test/connection/pool_trust_test.dart: late growth oldKey respects the replacement connection
00:07 +532 ~13: packages/poltergeist_core/test/connection/pool_trust_test.dart: late growth oldKey respects the replacement connection
00:07 +532 ~13: packages/poltergeist_core/test/integration/pool_auth_failure_sshd_test.dart: auth failure summaries against real sshd a rejected key is named and points at authorized_keys
  Skip: Set POLTERGEIST_SSHD and POLTERGEIST_SSHD_AUTHMATRIX to enable.
00:07 +532 ~14: packages/poltergeist_core/test/connection/pool_trust_test.dart: late growth oldKey respects the replacement connection
00:07 +532 ~14: packages/poltergeist_core/test/integration/pool_auth_failure_sshd_test.dart: auth failure summaries against real sshd a method-not-accepted user is told to switch methods
  Skip: Set POLTERGEIST_SSHD and POLTERGEIST_SSHD_AUTHMATRIX to enable.
00:07 +532 ~15: packages/poltergeist_core/test/connection/pool_trust_test.dart: late growth oldKey respects the replacement connection
00:07 +532 ~15: packages/poltergeist_core/test/integration/pool_auth_failure_sshd_test.dart: auth failure summaries against real sshd a root password rejection explains prohibit-password
  Skip: Set POLTERGEIST_SSHD and POLTERGEIST_SSHD_AUTHMATRIX to enable.
00:07 +532 ~16: packages/poltergeist_core/test/connection/pool_trust_test.dart: late growth oldKey respects the replacement connection
00:07 +533 ~16: packages/poltergeist_core/test/connection/pool_trust_test.dart: late growth oldKey respects the replacement connection
00:07 +534 ~16: packages/poltergeist_core/test/connection/pool_trust_test.dart: late growth oldKey respects the replacement connection
00:07 +535 ~16: packages/poltergeist_core/test/connection/incident_store_test.dart: FileIncidentStore write failures are not load errors
00:07 +536 ~16: packages/poltergeist_core/test/connection/pool_trust_test.dart: late growth authChallenge respects the replacement connection
00:07 +537 ~16: packages/poltergeist_core/test/connection/pool_trust_test.dart: late growth authChallenge respects the replacement connection
00:07 +538 ~16: packages/poltergeist_core/test/connection/pool_trust_test.dart: late growth authChallenge respects the replacement connection
00:07 +539 ~16: packages/poltergeist_core/test/connection/pool_trust_test.dart: late growth authChallenge respects the replacement connection
00:07 +540 ~16: packages/poltergeist_core/test/connection/pool_trust_test.dart: late growth authChallenge respects the replacement connection
00:07 +541 ~16: packages/poltergeist_core/test/connection/pool_trust_test.dart: late growth authChallenge respects the replacement connection
00:07 +542 ~16: packages/poltergeist_core/test/connection/pool_trust_test.dart: late growth authChallenge respects the replacement connection
00:07 +543 ~16: packages/poltergeist_core/test/connection/pool_trust_test.dart: late growth authChallenge respects the replacement connection
00:07 +544 ~16: packages/poltergeist_core/test/connection/pool_trust_test.dart: late growth authChallenge respects the replacement connection
00:07 +545 ~16: packages/poltergeist_core/test/connection/pool_trust_test.dart: late growth authChallenge respects the replacement connection
00:07 +546 ~16: packages/poltergeist_core/test/connection/pool_trust_test.dart: late growth authChallenge respects the replacement connection
00:07 +547 ~16: packages/poltergeist_core/test/connection/pool_trust_test.dart: late growth authChallenge respects the replacement connection
00:07 +548 ~16: packages/poltergeist_core/test/connection/pool_trust_test.dart: late growth authChallenge respects the replacement connection
00:07 +549 ~16: packages/poltergeist_core/test/connection/pool_trust_test.dart: late growth authChallenge respects the replacement connection
00:07 +550 ~16: packages/poltergeist_core/test/connection/pool_trust_test.dart: late growth authChallenge respects the replacement connection
00:07 +551 ~16: packages/poltergeist_core/test/connection/pool_trust_test.dart: late growth authChallenge respects the replacement connection
00:07 +552 ~16: packages/poltergeist_core/test/connection/pool_trust_test.dart: late growth authChallenge respects the replacement connection
00:07 +553 ~16: packages/poltergeist_core/test/connection/pool_trust_test.dart: late growth authChallenge respects the replacement connection
00:07 +554 ~16: packages/poltergeist_core/test/connection/pool_trust_test.dart: late growth authChallenge respects the replacement connection
00:07 +555 ~16: packages/poltergeist_core/test/connection/pool_trust_test.dart: late growth authChallenge respects the replacement connection
00:07 +556 ~16: packages/poltergeist_core/test/connection/pool_trust_test.dart: late growth authChallenge respects the replacement connection
00:07 +557 ~16: packages/poltergeist_core/test/connection/pool_trust_test.dart: late growth authChallenge respects the replacement connection
00:07 +558 ~16: packages/poltergeist_core/test/connection/pool_trust_test.dart: late growth authChallenge respects the replacement connection
00:07 +559 ~16: packages/poltergeist_core/test/connection/pool_trust_test.dart: late growth authChallenge respects the replacement connection
00:07 +560 ~16: packages/poltergeist_core/test/connection/pool_trust_test.dart: late growth authChallenge respects the replacement connection
00:07 +561 ~16: packages/poltergeist_core/test/connection/pool_trust_test.dart: late growth authChallenge respects the replacement connection
00:07 +562 ~16: packages/poltergeist_core/test/connection/pool_trust_test.dart: late growth authChallenge respects the replacement connection
00:07 +563 ~16: packages/poltergeist_core/test/connection/pool_trust_test.dart: late growth authChallenge respects the replacement connection
00:07 +564 ~16: packages/poltergeist_core/test/connection/pool_trust_test.dart: late growth authChallenge respects the replacement connection
00:07 +565 ~16: packages/poltergeist_core/test/connection/pool_trust_test.dart: late growth authChallenge respects the replacement connection
00:07 +566 ~16: packages/poltergeist_core/test/connection/pool_trust_test.dart: late growth authChallenge respects the replacement connection
00:07 +567 ~16: packages/poltergeist_core/test/connection/pool_trust_test.dart: late growth authChallenge respects the replacement connection
00:07 +568 ~16: packages/poltergeist_core/test/connection/pool_trust_test.dart: late growth authChallenge respects the replacement connection
00:07 +569 ~16: packages/poltergeist_core/test/connection/pool_trust_test.dart: late growth authChallenge respects the replacement connection
00:07 +570 ~16: packages/poltergeist_core/test/connection/pool_trust_test.dart: late growth authChallenge respects the replacement connection
00:07 +571 ~16: packages/poltergeist_core/test/connection/pool_trust_test.dart: late growth authChallenge respects the replacement connection
00:07 +572 ~16: packages/poltergeist_core/test/connection/pool_trust_test.dart: late growth authChallenge respects the replacement connection
00:07 +573 ~16: packages/poltergeist_core/test/connection/pool_trust_test.dart: late growth authChallenge respects the replacement connection
00:07 +574 ~16: packages/poltergeist_core/test/connection/pool_trust_test.dart: late growth authChallenge respects the replacement connection
00:07 +575 ~16: packages/poltergeist_core/test/connection/pool_trust_test.dart: late growth authChallenge respects the replacement connection
00:07 +576 ~16: packages/poltergeist_core/test/connection/pool_trust_test.dart: late growth authChallenge respects the replacement connection
00:07 +577 ~16: packages/poltergeist_core/test/connection/pool_trust_test.dart: late growth authChallenge respects the replacement connection
00:07 +578 ~16: packages/poltergeist_core/test/connection/pool_trust_test.dart: late growth authChallenge respects the replacement connection
00:07 +579 ~16: packages/poltergeist_core/test/connection/pool_trust_test.dart: late growth authChallenge respects the replacement connection
00:07 +580 ~16: packages/poltergeist_core/test/connection/pool_trust_test.dart: late growth authChallenge respects the replacement connection
00:07 +581 ~16: packages/poltergeist_core/test/connection/pool_trust_test.dart: late growth authChallenge respects the replacement connection
00:07 +582 ~16: packages/poltergeist_core/test/connection/pool_trust_test.dart: late growth authChallenge respects the replacement connection
00:07 +583 ~16: packages/poltergeist_core/test/connection/pool_trust_test.dart: late growth authChallenge respects the replacement connection
00:07 +584 ~16: packages/poltergeist_core/test/connection/pool_trust_test.dart: late growth authChallenge respects the replacement connection
00:07 +585 ~16: packages/poltergeist_core/test/connection/pool_trust_test.dart: late growth authChallenge respects the replacement connection
00:07 +586 ~16: packages/poltergeist_core/test/connection/pool_trust_test.dart: late growth authChallenge respects the replacement connection
00:07 +587 ~16: packages/poltergeist_core/test/connection/pool_trust_test.dart: late growth authChallenge respects the replacement connection
00:07 +588 ~16: packages/poltergeist_core/test/connection/pool_trust_test.dart: late growth authChallenge respects the replacement connection
00:07 +589 ~16: packages/poltergeist_core/test/connection/pool_trust_test.dart: late growth authChallenge respects the replacement connection
00:07 +590 ~16: packages/poltergeist_core/test/connection/pool_trust_test.dart: late growth authChallenge respects the replacement connection
00:07 +591 ~16: packages/poltergeist_core/test/connection/pool_trust_test.dart: late growth authChallenge respects the replacement connection
00:07 +592 ~16: packages/poltergeist_core/test/connection/pool_trust_test.dart: late growth authChallenge respects the replacement connection
00:07 +593 ~16: packages/poltergeist_core/test/connection/pool_trust_test.dart: late growth authChallenge respects the replacement connection
00:07 +594 ~16: packages/poltergeist_core/test/connection/pool_trust_test.dart: late growth authChallenge respects the replacement connection
00:07 +595 ~16: packages/poltergeist_core/test/connection/pool_trust_test.dart: late growth authChallenge respects the replacement connection
00:07 +596 ~16: packages/poltergeist_core/test/connection/pool_trust_test.dart: late growth authChallenge respects the replacement connection
00:07 +597 ~16: packages/poltergeist_core/test/connection/pool_trust_test.dart: late growth authChallenge respects the replacement connection
00:07 +598 ~16: packages/poltergeist_core/test/connection/pool_trust_test.dart: late growth authChallenge respects the replacement connection
00:07 +599 ~16: packages/poltergeist_core/test/connection/pool_trust_test.dart: late growth authChallenge respects the replacement connection
00:07 +600 ~16: packages/poltergeist_core/test/connection/pool_trust_test.dart: late growth authChallenge respects the replacement connection
00:07 +601 ~16: packages/poltergeist_core/test/connection/pool_trust_test.dart: late growth authChallenge respects the replacement connection
00:07 +602 ~16: packages/poltergeist_core/test/connection/pool_trust_test.dart: late growth authChallenge respects the replacement connection
00:07 +603 ~16: packages/poltergeist_core/test/connection/pool_trust_test.dart: late growth authChallenge respects the replacement connection
00:07 +604 ~16: packages/poltergeist_core/test/connection/pool_trust_test.dart: late growth authChallenge respects the replacement connection
00:07 +605 ~16: packages/poltergeist_core/test/connection/pool_trust_test.dart: late growth authChallenge respects the replacement connection
00:07 +606 ~16: packages/poltergeist_core/test/connection/pool_trust_test.dart: late growth authChallenge respects the replacement connection
00:07 +607 ~16: packages/poltergeist_core/test/connection/pool_trust_test.dart: late growth authChallenge respects the replacement connection
00:07 +608 ~16: packages/poltergeist_core/test/connection/pool_trust_test.dart: late growth authChallenge respects the replacement connection
00:07 +609 ~16: packages/poltergeist_core/test/connection/pool_trust_test.dart: late growth authChallenge respects the replacement connection
00:07 +610 ~16: packages/poltergeist_core/test/connection/pool_trust_test.dart: late growth authChallenge respects the replacement connection
00:07 +611 ~16: packages/poltergeist_core/test/connection/pool_trust_test.dart: late growth authChallenge respects the replacement connection
00:07 +612 ~16: packages/poltergeist_core/test/connection/pool_trust_test.dart: late growth authChallenge respects the replacement connection
00:07 +613 ~16: packages/poltergeist_core/test/connection/pool_trust_test.dart: late growth authChallenge respects the replacement connection
00:07 +614 ~16: packages/poltergeist_core/test/connection/pool_trust_test.dart: late growth authChallenge respects the replacement connection
00:07 +615 ~16: packages/poltergeist_core/test/connection/pool_trust_test.dart: late growth authChallenge respects the replacement connection
00:07 +616 ~16: packages/poltergeist_core/test/connection/pool_trust_test.dart: late growth authChallenge respects the replacement connection
00:07 +617 ~16: packages/poltergeist_core/test/connection/pool_trust_test.dart: late growth authChallenge respects the replacement connection
00:07 +618 ~16: packages/poltergeist_core/test/connection/pool_trust_test.dart: late growth authChallenge respects the replacement connection
00:07 +619 ~16: packages/poltergeist_core/test/connection/pool_trust_test.dart: late growth authChallenge respects the replacement connection
00:07 +620 ~16: packages/poltergeist_core/test/connection/pool_trust_test.dart: late growth authChallenge respects the replacement connection
00:07 +621 ~16: packages/poltergeist_core/test/connection/pool_trust_test.dart: late growth authChallenge respects the replacement connection
00:07 +622 ~16: packages/poltergeist_core/test/connection/pool_trust_test.dart: late growth authChallenge respects the replacement connection
00:07 +623 ~16: packages/poltergeist_core/test/connection/pool_trust_test.dart: late growth authChallenge respects the replacement connection
00:07 +624 ~16: packages/poltergeist_core/test/connection/pool_trust_test.dart: late growth authChallenge respects the replacement connection
00:07 +625 ~16: packages/poltergeist_core/test/connection/pool_trust_test.dart: late growth authChallenge respects the replacement connection
00:07 +626 ~16: packages/poltergeist_core/test/connection/pool_trust_test.dart: late growth authChallenge respects the replacement connection
00:07 +627 ~16: packages/poltergeist_core/test/connection/pool_trust_test.dart: late growth authChallenge respects the replacement connection
00:07 +628 ~16: packages/poltergeist_core/test/connection/pool_trust_test.dart: late growth authChallenge respects the replacement connection
00:07 +629 ~16: packages/poltergeist_core/test/connection/pool_trust_test.dart: late growth authChallenge respects the replacement connection
00:07 +630 ~16: packages/poltergeist_core/test/connection/pool_trust_test.dart: late growth authChallenge respects the replacement connection
00:07 +631 ~16: packages/poltergeist_core/test/connection/pool_trust_test.dart: late growth authChallenge respects the replacement connection
00:07 +632 ~16: packages/poltergeist_core/test/connection/pool_trust_test.dart: late growth authChallenge respects the replacement connection
00:07 +633 ~16: packages/poltergeist_core/test/connection/pool_trust_test.dart: late growth authChallenge respects the replacement connection
00:07 +634 ~16: packages/poltergeist_core/test/connection/pool_trust_test.dart: late growth authChallenge respects the replacement connection
00:07 +635 ~16: packages/poltergeist_core/test/connection/pool_trust_test.dart: late growth authChallenge respects the replacement connection
00:07 +636 ~16: packages/poltergeist_core/test/connection/pool_trust_test.dart: late growth authChallenge respects the replacement connection
00:07 +637 ~16: packages/poltergeist_core/test/connection/pool_trust_test.dart: late growth authChallenge respects the replacement connection
00:07 +638 ~16: packages/poltergeist_core/test/connection/pool_trust_test.dart: late growth authChallenge respects the replacement connection
00:07 +639 ~16: packages/poltergeist_core/test/connection/pool_trust_test.dart: late growth authChallenge respects the replacement connection
00:07 +640 ~16: packages/poltergeist_core/test/connection/pool_trust_test.dart: late growth authChallenge respects the replacement connection
00:07 +641 ~16: packages/poltergeist_core/test/connection/pool_trust_test.dart: late growth authChallenge respects the replacement connection
00:07 +642 ~16: packages/poltergeist_core/test/connection/pool_trust_test.dart: late growth authChallenge respects the replacement connection
00:08 +643 ~16: packages/poltergeist_core/test/connection/pool_trust_test.dart: late growth authChallenge respects the replacement connection
00:08 +644 ~16: packages/poltergeist_core/test/connection/pool_trust_test.dart: late growth authChallenge respects the replacement connection
00:08 +645 ~16: packages/poltergeist_core/test/connection/pool_trust_test.dart: late growth authChallenge respects the replacement connection
00:08 +646 ~16: packages/poltergeist_core/test/connection/pool_trust_test.dart: late growth authChallenge respects the replacement connection
00:08 +647 ~16: packages/poltergeist_core/test/connection/pool_trust_test.dart: late growth authChallenge respects the replacement connection
00:08 +648 ~16: packages/poltergeist_core/test/connection/pool_trust_test.dart: late growth authChallenge respects the replacement connection
00:08 +649 ~16: packages/poltergeist_core/test/connection/pool_trust_test.dart: late growth authChallenge respects the replacement connection
00:08 +650 ~16: packages/poltergeist_core/test/connection/pool_trust_test.dart: late growth authChallenge respects the replacement connection
00:08 +651 ~16: packages/poltergeist_core/test/connection/pool_trust_test.dart: late growth authChallenge respects the replacement connection
00:08 +652 ~16: packages/poltergeist_core/test/connection/pool_trust_test.dart: late growth authChallenge respects the replacement connection
00:08 +653 ~16: packages/poltergeist_core/test/connection/pool_trust_test.dart: late growth authChallenge respects the replacement connection
00:08 +654 ~16: packages/poltergeist_core/test/connection/pool_trust_test.dart: late growth authChallenge respects the replacement connection
00:08 +655 ~16: packages/poltergeist_core/test/connection/pool_trust_test.dart: late growth authChallenge respects the replacement connection
00:08 +656 ~16: packages/poltergeist_core/test/connection/pool_trust_test.dart: late growth authChallenge respects the replacement connection
00:08 +657 ~16: packages/poltergeist_core/test/connection/pool_trust_test.dart: late growth authChallenge respects the replacement connection
00:08 +658 ~16: packages/poltergeist_core/test/connection/pool_trust_test.dart: late growth authChallenge respects the replacement connection
00:08 +659 ~16: packages/poltergeist_core/test/connection/pool_trust_test.dart: late growth authChallenge respects the replacement connection
00:08 +660 ~16: packages/poltergeist_core/test/connection/pool_trust_test.dart: late growth authChallenge respects the replacement connection
00:08 +661 ~16: packages/poltergeist_core/test/connection/pool_trust_test.dart: late growth authChallenge respects the replacement connection
00:08 +662 ~16: packages/poltergeist_core/test/connection/pool_trust_test.dart: late growth authChallenge respects the replacement connection
00:08 +663 ~16: packages/poltergeist_core/test/connection/pool_trust_test.dart: late growth authChallenge respects the replacement connection
00:08 +664 ~16: packages/poltergeist_core/test/connection/pool_trust_test.dart: late growth authChallenge respects the replacement connection
00:08 +665 ~16: packages/poltergeist_core/test/connection/pool_trust_test.dart: late growth authChallenge respects the replacement connection
00:08 +666 ~16: packages/poltergeist_core/test/connection/pool_trust_test.dart: late growth authChallenge respects the replacement connection
00:08 +667 ~16: packages/poltergeist_core/test/connection/pool_trust_test.dart: late growth authChallenge respects the replacement connection
00:08 +668 ~16: packages/poltergeist_core/test/connection/pool_trust_test.dart: late growth authChallenge respects the replacement connection
00:08 +669 ~16: packages/poltergeist_core/test/connection/pool_trust_test.dart: late growth authChallenge respects the replacement connection
00:08 +670 ~16: packages/poltergeist_core/test/connection/pool_trust_test.dart: late growth authChallenge respects the replacement connection
00:08 +671 ~16: packages/poltergeist_core/test/connection/pool_trust_test.dart: late growth authChallenge respects the replacement connection
00:08 +672 ~16: packages/poltergeist_core/test/connection/pool_trust_test.dart: late growth authChallenge respects the replacement connection
00:08 +673 ~16: packages/poltergeist_core/test/connection/pool_trust_test.dart: late growth authChallenge respects the replacement connection
00:08 +674 ~16: packages/poltergeist_core/test/connection/pool_trust_test.dart: late growth authChallenge respects the replacement connection
00:08 +675 ~16: packages/poltergeist_core/test/connection/pool_trust_test.dart: late growth authChallenge respects the replacement connection
00:08 +676 ~16: packages/poltergeist_core/test/connection/pool_trust_test.dart: late growth authChallenge respects the replacement connection
00:08 +677 ~16: packages/poltergeist_core/test/connection/pool_trust_test.dart: late growth authChallenge respects the replacement connection
00:08 +678 ~16: packages/poltergeist_core/test/connection/pool_trust_test.dart: late growth authChallenge respects the replacement connection
00:08 +679 ~16: packages/poltergeist_core/test/connection/pool_trust_test.dart: late growth authChallenge respects the replacement connection
00:08 +680 ~16: packages/poltergeist_core/test/connection/pool_trust_test.dart: late growth authChallenge respects the replacement connection
00:08 +681 ~16: packages/poltergeist_core/test/connection/pool_trust_test.dart: late growth authChallenge respects the replacement connection
00:08 +682 ~16: packages/poltergeist_core/test/connection/pool_trust_test.dart: late growth authChallenge respects the replacement connection
00:08 +683 ~16: packages/poltergeist_core/test/connection/pool_trust_test.dart: late growth authChallenge respects the replacement connection
00:08 +684 ~16: packages/poltergeist_core/test/connection/pool_trust_test.dart: late growth authChallenge respects the replacement connection
00:08 +685 ~16: packages/poltergeist_core/test/connection/pool_trust_test.dart: late growth authChallenge respects the replacement connection
00:08 +686 ~16: packages/poltergeist_core/test/connection/pool_trust_test.dart: late growth authChallenge respects the replacement connection
00:08 +687 ~16: packages/poltergeist_core/test/connection/pool_trust_test.dart: late growth authChallenge respects the replacement connection
00:08 +688 ~16: packages/poltergeist_core/test/connection/pool_trust_test.dart: late growth authChallenge respects the replacement connection
00:08 +689 ~16: packages/poltergeist_core/test/connection/pool_trust_test.dart: late growth authChallenge respects the replacement connection
00:08 +690 ~16: packages/poltergeist_core/test/connection/pool_trust_test.dart: late growth authChallenge respects the replacement connection
00:08 +691 ~16: packages/poltergeist_core/test/connection/pool_trust_test.dart: late growth authChallenge respects the replacement connection
00:08 +692 ~16: packages/poltergeist_core/test/connection/pool_trust_test.dart: late growth authChallenge respects the replacement connection
00:08 +693 ~16: packages/poltergeist_core/test/connection/pool_trust_test.dart: late growth authChallenge respects the replacement connection
00:08 +694 ~16: packages/poltergeist_core/test/connection/pool_trust_test.dart: late growth authChallenge respects the replacement connection
00:08 +695 ~16: packages/poltergeist_core/test/connection/pool_trust_test.dart: late growth authChallenge respects the replacement connection
00:08 +696 ~16: packages/poltergeist_core/test/connection/pool_trust_test.dart: late growth authChallenge respects the replacement connection
00:08 +697 ~16: packages/poltergeist_core/test/connection/pool_trust_test.dart: late growth authChallenge respects the replacement connection
00:08 +698 ~16: packages/poltergeist_core/test/connection/pool_trust_test.dart: late growth authChallenge respects the replacement connection
00:08 +699 ~16: packages/poltergeist_core/test/connection/pool_trust_test.dart: late growth authChallenge respects the replacement connection
00:08 +700 ~16: packages/poltergeist_core/test/connection/pool_trust_test.dart: late growth authChallenge respects the replacement connection
00:08 +701 ~16: packages/poltergeist_core/test/connection/pool_trust_test.dart: late growth authChallenge respects the replacement connection
00:08 +702 ~16: packages/poltergeist_core/test/connection/pool_trust_test.dart: late growth authChallenge respects the replacement connection
00:08 +703 ~16: packages/poltergeist_core/test/engine/engine_client_test.dart: local directory watches a real local change crosses the engine boundary, debounced
00:08 +704 ~16: packages/poltergeist_core/test/engine/engine_client_test.dart: local directory watches a real local change crosses the engine boundary, debounced
00:08 +705 ~16: packages/poltergeist_core/test/engine/engine_client_test.dart: local directory watches a real local change crosses the engine boundary, debounced
00:08 +706 ~16: packages/poltergeist_core/test/engine/engine_client_test.dart: local directory watches a real local change crosses the engine boundary, debounced
00:08 +707 ~16: packages/poltergeist_core/test/engine/engine_client_test.dart: local directory watches a real local change crosses the engine boundary, debounced
00:08 +708 ~16: packages/poltergeist_core/test/engine/engine_client_test.dart: local directory watches a real local change crosses the engine boundary, debounced
00:08 +709 ~16: packages/poltergeist_core/test/engine/engine_client_test.dart: local directory watches a real local change crosses the engine boundary, debounced
00:09 +710 ~16: packages/poltergeist_core/test/engine/engine_client_test.dart: local directory watches a real local change crosses the engine boundary, debounced
00:09 +711 ~16: packages/poltergeist_core/test/engine/engine_client_test.dart: local directory watches a real local change crosses the engine boundary, debounced
00:09 +712 ~16: packages/poltergeist_core/test/engine/engine_client_test.dart: local directory watches a real local change crosses the engine boundary, debounced
00:09 +713 ~16: packages/poltergeist_core/test/engine/engine_client_test.dart: local directory watches a real local change crosses the engine boundary, debounced
00:09 +714 ~16: packages/poltergeist_core/test/engine/engine_client_test.dart: local directory watches a real local change crosses the engine boundary, debounced
00:09 +715 ~16: packages/poltergeist_core/test/engine/engine_client_test.dart: local directory watches a real local change crosses the engine boundary, debounced
00:09 +716 ~16: packages/poltergeist_core/test/engine/engine_client_test.dart: local directory watches a real local change crosses the engine boundary, debounced
00:09 +717 ~16: packages/poltergeist_core/test/connection/pool_trust_test.dart: late growth interactiveRetry respects the replacement connection
00:10 +718 ~16: packages/poltergeist_core/test/connection/pool_trust_test.dart: late growth interactiveRetry respects the replacement connection
00:10 +719 ~16: packages/poltergeist_core/test/connection/pool_trust_test.dart: late growth interactiveRetry respects the replacement connection
00:10 +720 ~16: packages/poltergeist_core/test/connection/pool_trust_test.dart: late growth interactiveRetry respects the replacement connection
00:10 +721 ~16: packages/poltergeist_core/test/connection/pool_trust_test.dart: late growth interactiveRetry respects the replacement connection
00:12 +722 ~16: packages/poltergeist_core/test/connection/pool_trust_test.dart: late growth interactiveRetry respects the replacement connection
00:12 +723 ~16: packages/poltergeist_core/test/engine/engine_client_test.dart: local directory watches retarget switches the watched directory safely
00:13 +724 ~16: packages/poltergeist_core/test/engine/engine_client_test.dart: local directory watches deleting the watched directory signals lost immediately
00:14 +725 ~16: packages/poltergeist_core/test/engine/engine_client_test.dart: local directory watches deleting an empty watched directory signals lost
00:15 +726 ~16: packages/poltergeist_core/test/engine/engine_client_test.dart: local directory watches watch resolves linked directories before subscribing
00:16 +727 ~16: packages/poltergeist_core/test/engine/engine_client_test.dart: local directory watches deleting an already-emptied watched directory signals lost
00:17 +728 ~16: packages/poltergeist_core/test/engine/engine_client_test.dart: local directory watches renaming and recreating a watched path loses its old binding
00:19 +729 ~16: packages/poltergeist_core/test/engine/engine_client_test.dart: local directory watches unwatchDirectory releases the engine-side watch
00:21 +730 ~16: packages/poltergeist_core/test/engine/engine_client_test.dart: local directory watches closing the channel closes directoryChanges
00:22 +731 ~16: packages/poltergeist_core/test/engine/engine_client_test.dart: local directory watches engine death closes directoryChanges
00:24 +732 ~16: packages/poltergeist_core/test/engine/engine_client_test.dart: invalid policy kills the engine and surfaces termination
00:24 +733 ~16: All tests passed!
